"ID","Description","GeneRatio","BgRatio","RichFactor","FoldEnrichment","zScore","pvalue","p.adjust","qvalue","geneID","Count"
"GO:0001525","angiogenesis","81/1028","474/14695",0.170886075949367,2.44277323548244,8.75693563813645,3.36164602858528e-14,1.84823298651619e-10,1.84823298651619e-10,"EMP2/GRN/EMILIN1/NINJ1/STAB2/FBN1/KDR/PARVA/SPARC/IGFBP7/HSPB1/ROBO4/PLK2/ENG/JAG1/ITGAV/PLXND1/BSG/BMPER/EHD4/MMP2/TNF/TIE1/FLT4/ENPEP/PDGFRB/MCAM/VEGFC/ACVRL1/CCL2/THY1/GPNMB/NRP2/CALCRL/ITGA2B/COL4A2/NOTCH3/PXDN/TEK/TGM2/JCAD/C5AR1/CSPG4/MMRN1/TJP1/MMP14/COL4A3/PTGS2/EPAS1/CD34/MFGE8/SHB/TYMP/ADAMTS9/JUP/AQP1/C3/ECSCR/RSPO3/HSPG2/RASA1/PRCP/COL15A1/MIRLET7A1/VAV2/CDH5/ITGB3/MEOX2/ANXA2/BCAM/APLNR/HMOX1/FBLN5/MYH9/CXCL10/ARHGAP24/COL4A1/FN1/PKM/PTGIS/IL1B",81
"GO:0030335","positive regulation of cell migration","82/1028","491/14695",0.167006109979633,2.38731010325945,8.57509502168995,8.55176578653168e-14,2.35088041471756e-10,2.35088041471756e-10,"LGALS3/CCR6/GRN/ATP8A1/ICAM1/KDR/CCL19/SPARC/SOD2/SEMA3D/PLVAP/CXCR4/CALR/CCL21/LAMC2/HSPB1/CMKLR1/RHOC/PLK2/CCL23/COL1A1/ITGAV/RELN/FGFR1/CAV1/BSG/FERMT2/MMP2/CSF1R/TNF/APP/FLT4/HSPA5/PDGFRB/MCAM/VEGFC/CCL2/THY1/GPNMB/MYO1C/PDPN/NRP2/ITGA2B/ENPP2/TEK/ATM/SEMA3A/JCAD/PLAU/CAPN7/DNM1L/C5AR1/LGMN/PTN/EPB41L4B/TJP1/MMP14/LEF1/PTGS2/ACTN4/CCL14/DDR2/STX4/MAZ/PLA2G7/RARRES2/MMP9/SEMA7A/ITGA2/CD151/CDH5/ITGB3/S100A11/FLNA/HMOX1/PODXL/CSF1/CXCL10/LRRC15/FN1/STAT5A/IL1B",82
"GO:0030198","extracellular matrix organization","52/1028","248/14695",0.209677419354839,2.9972856784235,8.69975795429369,5.30711820584771e-13,8.12749362005693e-10,8.12749362005693e-10,"LRP1/MATN2/EMILIN1/FBN1/COL5A1/ADAMTS2/PLOD2/LAMC1/GPM6B/SLC2A10/TPSAB1/COL9A1/ENG/PLOD1/MYH11/COL1A1/COL14A1/COL9A3/CTSK/MMP2/TIE1/APP/COL3A1/LAMB2/PDPN/MMP15/COL4A2/PXDN/LOXL1/TGM2/PLAU/SERPINH1/MFAP4/FMOD/MMP14/COL4A3/MANSC4/DDR2/ELN/MMP9/MARCO/PLOD3/ADAMTS9/COL5A2/ADAMTS4/PLAUR/ITGA2/COL1A2/COL15A1/FBLN5/NID1/COL4A1",52
"GO:0043062","extracellular structure organization","52/1028","249/14695",0.208835341365462,2.98524838654228,8.66504251444864,6.26642461114884e-13,8.12749362005693e-10,8.12749362005693e-10,"LRP1/MATN2/EMILIN1/FBN1/COL5A1/ADAMTS2/PLOD2/LAMC1/GPM6B/SLC2A10/TPSAB1/COL9A1/ENG/PLOD1/MYH11/COL1A1/COL14A1/COL9A3/CTSK/MMP2/TIE1/APP/COL3A1/LAMB2/PDPN/MMP15/COL4A2/PXDN/LOXL1/TGM2/PLAU/SERPINH1/MFAP4/FMOD/MMP14/COL4A3/MANSC4/DDR2/ELN/MMP9/MARCO/PLOD3/ADAMTS9/COL5A2/ADAMTS4/PLAUR/ITGA2/COL1A2/COL15A1/FBLN5/NID1/COL4A1",52
"GO:0045229","external encapsulating structure organization","52/1028","250/14695",0.208,2.97330739299611,8.630499904649,7.39131831580296e-13,8.12749362005693e-10,8.12749362005693e-10,"LRP1/MATN2/EMILIN1/FBN1/COL5A1/ADAMTS2/PLOD2/LAMC1/GPM6B/SLC2A10/TPSAB1/COL9A1/ENG/PLOD1/MYH11/COL1A1/COL14A1/COL9A3/CTSK/MMP2/TIE1/APP/COL3A1/LAMB2/PDPN/MMP15/COL4A2/PXDN/LOXL1/TGM2/PLAU/SERPINH1/MFAP4/FMOD/MMP14/COL4A3/MANSC4/DDR2/ELN/MMP9/MARCO/PLOD3/ADAMTS9/COL5A2/ADAMTS4/PLAUR/ITGA2/COL1A2/COL15A1/FBLN5/NID1/COL4A1",52
"GO:0006935","chemotaxis","62/1028","373/14695",0.166219839142091,2.37607056049906,7.38283670612953,1.2481193590719e-10,9.80308605168188e-08,9.80308605168188e-08,"RAB13/VCAM1/LGALS3/CCR6/EFNA5/NINJ1/KDR/CCL19/PARVA/GSTP1/CTTN/SEMA3D/CXCR4/CALR/CCL21/HSPB1/CMKLR1/TNFSF11/CCL23/ENG/TUBB2B/ITGAV/FGFR1/BSG/MMP2/CSF1R/APP/PDGFRB/SAA1/VEGFC/CCL2/CXCL11/GPNMB/CXCL3/L1CAM/CXCL9/ENPP2/SEMA3A/PLAU/ANOS1/DNM1L/C5AR1/LGMN/PTN/PPBP/LEF1/CCL14/NOVA2/STX4/S100A4/PLA2G7/RARRES2/TYMP/SEMA7A/C3/ECSCR/PLAUR/ITGA2/ITGB3/PPIB/CSF1/CXCL10",62
"GO:0042330","taxis","62/1028","373/14695",0.166219839142091,2.37607056049906,7.38283670612953,1.2481193590719e-10,9.80308605168188e-08,9.80308605168188e-08,"RAB13/VCAM1/LGALS3/CCR6/EFNA5/NINJ1/KDR/CCL19/PARVA/GSTP1/CTTN/SEMA3D/CXCR4/CALR/CCL21/HSPB1/CMKLR1/TNFSF11/CCL23/ENG/TUBB2B/ITGAV/FGFR1/BSG/MMP2/CSF1R/APP/PDGFRB/SAA1/VEGFC/CCL2/CXCL11/GPNMB/CXCL3/L1CAM/CXCL9/ENPP2/SEMA3A/PLAU/ANOS1/DNM1L/C5AR1/LGMN/PTN/PPBP/LEF1/CCL14/NOVA2/STX4/S100A4/PLA2G7/RARRES2/TYMP/SEMA7A/C3/ECSCR/PLAUR/ITGA2/ITGB3/PPIB/CSF1/CXCL10",62
"GO:0031589","cell-substrate adhesion","54/1028","311/14695",0.173633440514469,2.48204611708184,7.24489428973812,3.91592724835762e-10,2.69122100143378e-07,2.69122100143378e-07,"VCAM1/ITGAM/EMP2/EFNA5/EMILIN1/KDR/LAMB3/PARVA/ANTXR1/LAMC1/CTTN/GPM6B/ITGB4/CALR/CCL21/ITGB7/JAG1/ITGAV/ATP1B2/FERMT2/CFL1/CD96/COL3A1/LAMB2/ACVRL1/VWF/THY1/PDPN/ITGA3/SDC4/ITGA2B/L1CAM/TEK/PLAU/CD63/MMP14/LEF1/ACTN4/CD34/ADAMTS9/JUP/PLAUR/ITGA2/RASA1/ITGB3/TLN1/MICALL2/BCAM/FLNA/FBLN5/CSF1/ACTN1/NID1/FN1",54
"GO:0007160","cell-matrix adhesion","42/1028","217/14695",0.193548387096774,2.76672524162169,7.19075633575469,1.26475804524149e-09,7.72626636970859e-07,7.72626636970859e-07,"VCAM1/ITGAM/EMP2/EFNA5/EMILIN1/KDR/CTTN/GPM6B/ITGB4/CCL21/ITGB7/JAG1/ITGAV/FERMT2/CFL1/CD96/COL3A1/ACVRL1/THY1/ITGA3/SDC4/ITGA2B/L1CAM/TEK/PLAU/CD63/MMP14/LEF1/CD34/ADAMTS9/JUP/PLAUR/ITGA2/RASA1/ITGB3/TLN1/BCAM/FBLN5/CSF1/ACTN1/NID1/FN1",42
"GO:0007229","integrin-mediated signaling pathway","27/1028","106/14695",0.254716981132075,3.64111482270024,7.48440759776123,2.56865873152622e-09,1.41224857059312e-06,1.41224857059312e-06,"ITGAM/EMP2/CD40LG/LAMC1/ITGB4/SLC2A10/ITGB7/ITGAV/FERMT2/COL3A1/LAMB2/THY1/ITGA3/ITGA2B/PLAU/CD63/PTN/PLEK/SEMA7A/ITGA2/ITGB3/TLN1/FLNA/NID1/MYH9/TIMP1/FN1",27
"GO:0030199","collagen fibril organization","20/1028","62/14695",0.32258064516129,4.61120873603615,7.81468953143167,3.58243535528953e-09,1.79056632576198e-06,1.79056632576198e-06,"EMILIN1/FBN1/COL5A1/ADAMTS2/PLOD2/PLOD1/COL1A1/COL14A1/COL3A1/COL4A2/PXDN/LOXL1/SERPINH1/FMOD/COL4A3/DDR2/PLOD3/COL5A2/COL1A2/COL4A1",20
"GO:0050900","leukocyte migration","51/1028","304/14695",0.167763157894737,2.39813191173459,6.75568562436669,4.09614017204964e-09,1.87671488882741e-06,1.87671488882741e-06,"VCAM1/LGALS3/CCR6/EMP2/EMILIN1/NINJ1/ICAM1/CCL19/PLVAP/CXCR4/CALR/CCL21/CMKLR1/TNFSF11/CCL23/ITGB7/BSG/MMP2/CSF1R/TNF/APP/SAA1/VEGFC/MSN/CCL2/THY1/CXCL11/ITGA3/ITGA2B/CXCL3/CXCL9/DNM1L/C5AR1/LGMN/PTN/PPBP/MMP14/SIRPA/CD34/PLA2G7/RARRES2/C3/ITGA2/GCSAM/ITGB3/SELL/PPIB/HMOX1/CSF1/MYH9/CXCL10",51
"GO:0001906","cell killing","36/1028","177/14695",0.203389830508475,2.90740618611093,7.00174680400339,4.86002988730435e-09,2.05541879387687e-06,2.05541879387687e-06,"ITGAM/LGALS3/EMP2/NINJ1/CTSC/ICAM1/CCL19/KLRD1/CCL21/KLRC4/GNLY/NOS2/FCGR1A/CD59/KLRB1/HLA-E/CXCL11/KNG1/CXCL3/CXCL9/ULBP2/CLU/KLRC3/PPBP/ARG1/CD226/C7/NECTIN2/HLA-A/TUBB4B/HLA-DRB1/KLRC1/HLA-B/NCR1/KLRC2/CXCL10",36
"GO:0042060","wound healing","54/1028","341/14695",0.158357771260997,2.26368428859956,6.47529087988532,1.15440659935664e-08,4.53351963090202e-06,4.53351963090202e-06,"CLIC1/EMILIN1/TFPI/KDR/COL5A1/MYL9/CD40LG/HSPB1/RHOC/ENG/ITGAV/ODAM/CD59/CAV1/FERMT2/TNF/COL3A1/MCAM/SAA1/ACVRL1/VWF/DGKG/PDPN/KNG1/APOE/PLAU/CSRP1/GP1BA/MMRN1/STXBP1/EPB41L4B/PLEK/MYOF/DDR2/CD34/DSC2/PLAUR/ITGA2/ANGPTL1/PRCP/THBD/ANXA5/CD151/VAV2/ITGB3/TLN1/CHMP2A/ANXA2/FLNA/CHMP4B/HMOX1/MYH9/ARHGAP24/FN1",54
"GO:0032963","collagen metabolic process","23/1028","88/14695",0.261363636363636,3.73612707817474,7.06036353798544,2.28118340824046e-08,8.3612975856707e-06,8.3612975856707e-06,"PCOLCE/EMILIN1/MYB/COL5A1/ADAMTS2/PLOD2/CTSB/CTSL/PLOD1/COL1A1/CTSK/VIM/MMP2/PRDX5/MMP15/MFAP4/MMP14/DDR2/MMP9/PLOD3/ITGA2/PEPD/MRC2",23
"GO:0009611","response to wounding","62/1028","428/14695",0.144859813084112,2.07073439034147,6.16548553994568,3.08305152066263e-08,1.0594135787877e-05,1.0594135787877e-05,"GRN/CLIC1/EMILIN1/TFPI/KDR/COL5A1/MYL9/CD40LG/ITGB4/HSPB1/RHOC/ENG/MAP1B/ITGAV/ODAM/TNC/CD59/CAV1/FERMT2/MMP2/DPYSL3/TNF/COL3A1/MCAM/SAA1/ACVRL1/VWF/DGKG/PDPN/KNG1/APOE/PLAU/CSRP1/GP1BA/MMRN1/STXBP1/PTN/EPB41L4B/PLEK/MYOF/DDR2/CD34/DSC2/PLAUR/ITGA2/ANGPTL1/PRCP/THBD/ANXA5/CD151/VAV2/ITGB3/TLN1/CHMP2A/ANXA2/CTNNA1/FLNA/CHMP4B/HMOX1/MYH9/ARHGAP24/FN1",62
"GO:0006959","humoral immune response","34/1028","174/14695",0.195402298850575,2.79322644125408,6.52591590824497,3.70212900866049e-08,1.19731207585973e-05,1.19731207585973e-05,"LGALS3/CCR6/CD28/CCL19/CCL21/GNLY/CCL23/C4B/CD59/APP/HLA-E/CCL2/CXCL11/KNG1/CXCL3/CXCL9/C4A/CLU/C1R/PPBP/C7/CCL14/C2/HLA-A/RARRES2/HLA-DRB1/C1S/C3/IGHM/C1RL/CFI/MASP2/CXCL10/IL1B",34
"GO:0043542","endothelial cell migration","37/1028","208/14695",0.177884615384615,2.5428155866507,6.14591335197148,1.2133113649203e-07,3.70599215796211e-05,3.70599215796211e-05,"RAB13/EMP2/GRN/KDR/SPARC/CALR/HSPB1/PLK2/FGFR1/PLXND1/BSG/BMPER/EHD4/TNF/FLT4/VEGFC/ACVRL1/FSTL1/NRP2/APOE/TEK/JCAD/MMRN1/LGMN/PTN/PTGS2/ADAMTS9/JUP/PRCP/MIRLET7A1/CDH5/ITGB3/MEOX2/HMOX1/MYH9/FN1/STAT5A",37
"GO:0060326","cell chemotaxis","42/1028","259/14695",0.162162162162162,2.31806709433169,5.86940315523233,2.53288230008439e-07,7.32936151887578e-05,7.32936151887578e-05,"RAB13/VCAM1/LGALS3/CCR6/NINJ1/KDR/CCL19/PARVA/GSTP1/CXCR4/CALR/CCL21/HSPB1/CMKLR1/TNFSF11/CCL23/ENG/FGFR1/BSG/MMP2/CSF1R/APP/PDGFRB/SAA1/VEGFC/CCL2/CXCL11/CXCL3/CXCL9/DNM1L/C5AR1/LGMN/PTN/PPBP/LEF1/CCL14/PLA2G7/RARRES2/C3/PPIB/CSF1/CXCL10",42
"GO:0002443","leukocyte mediated immunity","52/1028","359/14695",0.144846796657382,2.07054832381345,5.63208864710174,4.05512507845526e-07,0.000111475388406735,0.000111475388406735,"ITGAM/CCR6/EMP2/CTSC/IGHV4-34/ICAM1/LILRB4/KLRD1/IL1R1/TFRC/CD40LG/FCAR/PTGDS/CSF2RB/KLRC4/C4B/NOS2/BTLA/FCGR1A/JAG1/YWHAG/KLRB1/HLA-E/BST2/ULBP2/C4A/CLU/KLRC3/C1R/STXBP1/ARG1/CD226/C7/C2/IGHV3-7/STX4/IGLC7/NECTIN2/HLA-A/TUBB4B/HLA-DRB1/C1S/C3/KLRC1/HLA-B/ACE/NCR1/KLRC2/C1RL/CFI/MASP2/IL1B",52
"GO:0002687","positive regulation of leukocyte migration","26/1028","126/14695",0.206349206349206,2.94970971527392,6.02795962177002,4.88294412165544e-07,0.000127840127527912,0.000127840127527912,"LGALS3/CCR6/ICAM1/CCL19/PLVAP/CALR/CCL21/CMKLR1/CSF1R/TNF/APP/VEGFC/CCL2/THY1/ITGA2B/DNM1L/C5AR1/LGMN/PTN/MMP14/PLA2G7/RARRES2/ITGA2/ITGB3/CSF1/CXCL10",26
"GO:0010594","regulation of endothelial cell migration","30/1028","161/14695",0.186335403726708,2.663617468642,5.82108324419706,6.78002588184715e-07,0.000169439010447253,0.000169439010447253,"EMP2/GRN/KDR/SPARC/CALR/HSPB1/PLK2/FGFR1/BSG/BMPER/TNF/FLT4/VEGFC/ACVRL1/NRP2/APOE/TEK/JCAD/MMRN1/LGMN/PTN/PTGS2/ADAMTS9/JUP/PRCP/MIRLET7A1/ITGB3/MEOX2/HMOX1/STAT5A",30
"GO:0002449","lymphocyte mediated immunity","43/1028","283/14695",0.151943462897526,2.17199337283964,5.45991931441548,1.13111468435852e-06,0.000270385588461007,0.000270385588461007,"CCR6/EMP2/CTSC/IGHV4-34/LILRB4/KLRD1/IL1R1/TFRC/CD40LG/CSF2RB/KLRC4/C4B/BTLA/FCGR1A/JAG1/YWHAG/KLRB1/HLA-E/ULBP2/C4A/CLU/KLRC3/C1R/ARG1/CD226/C7/C2/IGHV3-7/IGLC7/NECTIN2/HLA-A/TUBB4B/HLA-DRB1/C1S/C3/KLRC1/HLA-B/NCR1/KLRC2/C1RL/CFI/MASP2/IL1B",43
"GO:0048002","antigen processing and presentation of peptide antigen","16/1028","60/14695",0.266666666666667,3.81193255512322,5.98568887812748,2.33644613432299e-06,0.000523575799938159,0.000523575799938159,"HLA-DRB5/HLA-DOA/CALR/CTSE/CTSL/HLA-E/CTSD/ULBP2/LGMN/HLA-A/IFI30/HLA-DRB1/HLA-B/ACE/HLA-DPB1/CLEC4M",16
"GO:0043277","apoptotic cell clearance","12/1028","35/14695",0.342857142857143,4.90105614230128,6.33693445985875,2.38075572907493e-06,0.000523575799938159,0.000523575799938159,"LRP1/C4B/ITGAV/NR1H3/CCL2/TGM2/C4A/C2/MFGE8/DNASE2/C3/ITGB3",12
"GO:0007596","blood coagulation","32/1028","189/14695",0.169312169312169,2.42027463817347,5.38963525670072,2.60239208429829e-06,0.00052992413627674,0.00052992413627674,"CLIC1/EMILIN1/TFPI/MYL9/CD40LG/HSPB1/CD59/CAV1/COL3A1/SAA1/VWF/DGKG/PDPN/KNG1/APOE/PLAU/CSRP1/GP1BA/MMRN1/STXBP1/PLEK/PLAUR/ITGA2/ANGPTL1/THBD/ANXA5/VAV2/ITGB3/TLN1/FLNA/MYH9/FN1",32
"GO:0050817","coagulation","32/1028","189/14695",0.169312169312169,2.42027463817347,5.38963525670072,2.60239208429829e-06,0.00052992413627674,0.00052992413627674,"CLIC1/EMILIN1/TFPI/MYL9/CD40LG/HSPB1/CD59/CAV1/COL3A1/SAA1/VWF/DGKG/PDPN/KNG1/APOE/PLAU/CSRP1/GP1BA/MMRN1/STXBP1/PLEK/PLAUR/ITGA2/ANGPTL1/THBD/ANXA5/VAV2/ITGB3/TLN1/FLNA/MYH9/FN1",32
"GO:0002697","regulation of immune effector process","44/1028","303/14695",0.145214521452145,2.07580485675027,5.18948448095805,2.9379919500598e-06,0.00057350857231645,0.00057350857231645,"ITGAM/LGALS3/GRN/ICAM1/CCL19/LILRB4/KLRD1/IL1R1/TFRC/KLRC4/C4B/NOS2/BTLA/CD59/YWHAG/KLRB1/TNF/HLA-E/BST2/JUNB/HK1/FCRL3/ULBP2/C4A/CLU/KLRC3/STXBP1/ARG1/CD226/C2/STX4/NECTIN2/HLA-A/HLA-DRB1/SEMA7A/C3/KLRC1/HLA-B/NCR1/KLRC2/CFI/MASP2/STAT5A/IL1B",44
"GO:0031341","regulation of cell killing","20/1028","90/14695",0.222222222222222,3.17661046260268,5.68042937174855,3.02505431014497e-06,0.00057350857231645,0.00057350857231645,"ITGAM/ICAM1/KLRD1/KLRC4/NOS2/CD59/KLRB1/HLA-E/ULBP2/CLU/KLRC3/ARG1/CD226/NECTIN2/HLA-A/HLA-DRB1/KLRC1/HLA-B/NCR1/KLRC2",20
"GO:0002478","antigen processing and presentation of exogenous peptide antigen","12/1028","36/14695",0.333333333333333,4.76491569390402,6.20275048717925,3.34505377901497e-06,0.000609778555813748,0.000609778555813748,"HLA-DRB5/HLA-DOA/CTSE/CTSL/HLA-E/CTSD/LGMN/HLA-A/IFI30/HLA-DRB1/HLA-B/HLA-DPB1",12
"GO:0001912","positive regulation of leukocyte mediated cytotoxicity","15/1028","55/14695",0.272727272727273,3.89856738592147,5.9064180900799,3.54909308585667e-06,0.000609778555813748,0.000609778555813748,"ITGAM/KLRD1/KLRC4/NOS2/HLA-E/ULBP2/KLRC3/ARG1/CD226/NECTIN2/HLA-A/HLA-DRB1/KLRC1/HLA-B/KLRC2",15
"GO:0034113","heterotypic cell-cell adhesion","15/1028","55/14695",0.272727272727273,3.89856738592147,5.9064180900799,3.54909308585667e-06,0.000609778555813748,0.000609778555813748,"VCAM1/ITGAM/NINJ1/PARVA/ITGB7/ITGAV/TNF/THY1/ITGA2B/SIRPA/DSC2/JUP/ITGB3/ADIPOQ/IL1B",15
"GO:0050921","positive regulation of chemotaxis","24/1028","123/14695",0.195121951219512,2.78921894277308,5.46495310730854,3.77488274898807e-06,0.000618604088100505,0.000618604088100505,"CCR6/KDR/CCL19/CTTN/CALR/CCL21/HSPB1/CMKLR1/FGFR1/CSF1R/APP/PDGFRB/VEGFC/CCL2/DNM1L/C5AR1/LGMN/PTN/STX4/PLA2G7/RARRES2/ITGA2/CSF1/CXCL10",24
"GO:0003013","circulatory system process","59/1028","459/14695",0.128540305010893,1.83745114993684,4.99921499402336,3.82548908610716e-06,0.000618604088100505,0.000618604088100505,"LRP1/EMILIN1/ADCY6/ATP8A1/ATP1A3/FBN1/TFRC/SOD2/PLVAP/TAC4/SLC2A10/ENG/NOS2/KCNMB4/PLCB3/ABCC9/CACNB2/CAV1/ATP1B2/FERMT2/MMP2/SLC29A2/TNF/APP/ENPEP/VEGFC/CTSZ/ACVRL1/SLC22A5/KCNMA1/KNG1/ABCC2/ECE1/APOE/TEK/CD38/DNM1L/GSN/TJP1/ABCC3/MYOF/PTGS2/ELN/DSC2/RARRES2/JUP/KEL/COL1A2/PRKACA/PRCP/CDH5/ACE/HTR2B/GJA1/CPA3/FLNA/CXCL10/POPDC2/ADIPOQ",59
"GO:0007599","hemostasis","32/1028","194/14695",0.164948453608247,2.35789642584941,5.2215388274192,4.61374771643966e-06,0.000724753855571007,0.000724753855571007,"CLIC1/EMILIN1/TFPI/MYL9/CD40LG/HSPB1/CD59/CAV1/COL3A1/SAA1/VWF/DGKG/PDPN/KNG1/APOE/PLAU/CSRP1/GP1BA/MMRN1/STXBP1/PLEK/PLAUR/ITGA2/ANGPTL1/THBD/ANXA5/VAV2/ITGB3/TLN1/FLNA/MYH9/FN1",32
"GO:2001044","regulation of integrin-mediated signaling pathway","9/1028","21/14695",0.428571428571429,6.1263201778766,6.44719929949553,5.2799405904014e-06,0.000785800666738445,0.000785800666738445,"EMP2/LAMC1/SLC2A10/LAMB2/PLAU/CD63/FLNA/NID1/TIMP1",9
"GO:0045785","positive regulation of cell adhesion","53/1028","401/14695",0.13216957605985,1.88933066167267,4.95209013841612,5.28821838292515e-06,0.000785800666738445,0.000785800666738445,"VCAM1/EMP2/KDR/CD28/CCL19/LILRB4/TFRC/CD40LG/LAMC1/HLA-DRB5/HLA-DOA/CALR/CCL21/TNFSF11/ITGAV/CAV1/FERMT2/YWHAG/CFL1/TNF/HLA-E/SAA1/GLI3/LAMB2/CCL2/THY1/PDPN/SDC4/TEK/ATM/TGM2/CD63/MMRN1/EPB41L4B/TJP1/LEF1/SIRPA/STX4/HLA-A/HLA-DRB1/JUP/PLAUR/ITGA2/DENND6A/ITGB3/FLNA/PODXL/CSF1/MAGI1/NID1/HLA-DPB1/FN1/IL1B",53
"GO:0031343","positive regulation of cell killing","15/1028","57/14695",0.263157894736842,3.76177554781896,5.72947613029833,5.76329819534796e-06,0.000808170972353327,0.000808170972353327,"ITGAM/KLRD1/KLRC4/NOS2/HLA-E/ULBP2/KLRC3/ARG1/CD226/NECTIN2/HLA-A/HLA-DRB1/KLRC1/HLA-B/KLRC2",15
"GO:0030595","leukocyte chemotaxis","31/1028","187/14695",0.165775401069519,2.36971743065815,5.16985056792808,5.82405746633229e-06,0.000808170972353327,0.000808170972353327,"LGALS3/CCR6/NINJ1/CCL19/CXCR4/CALR/CCL21/CMKLR1/TNFSF11/CCL23/BSG/MMP2/CSF1R/APP/SAA1/VEGFC/CCL2/CXCL11/CXCL3/CXCL9/DNM1L/C5AR1/LGMN/PTN/PPBP/PLA2G7/RARRES2/C3/PPIB/CSF1/CXCL10",31
"GO:0008015","blood circulation","51/1028","382/14695",0.133507853403141,1.9084609978202,4.9340393702668,5.96060303611793e-06,0.000808170972353327,0.000808170972353327,"EMILIN1/ADCY6/ATP1A3/FBN1/SOD2/PLVAP/TAC4/ENG/NOS2/KCNMB4/PLCB3/ABCC9/CACNB2/CAV1/ATP1B2/FERMT2/MMP2/TNF/APP/ENPEP/VEGFC/CTSZ/ACVRL1/KCNMA1/KNG1/ECE1/APOE/TEK/CD38/DNM1L/GSN/TJP1/MYOF/PTGS2/ELN/DSC2/RARRES2/JUP/KEL/COL1A2/PRKACA/PRCP/CDH5/ACE/HTR2B/GJA1/CPA3/FLNA/CXCL10/POPDC2/ADIPOQ",51
"GO:0050878","regulation of body fluid levels","40/1028","272/14695",0.147058823529412,2.10216868848707,5.03193123034746,6.0267387898302e-06,0.000808170972353327,0.000808170972353327,"MT-CO2/CLIC1/EMILIN1/ADCY6/TFPI/MYL9/CD40LG/HSPB1/CD59/CAV1/NR1H3/COL3A1/SAA1/VWF/DGKG/PDPN/KNG1/APOE/PLAU/CSRP1/GP1BA/MMRN1/STXBP1/PLEK/AQP1/PLAUR/ITGA2/ADCY2/ANGPTL1/PRKACA/THBD/ANXA5/VAV2/ITGB3/TLN1/FLNA/APLNR/MYH9/FN1/STAT5A",40
"GO:0048771","tissue remodeling","21/1028","102/14695",0.205882352941176,2.9430361638819,5.40055826989162,6.26307289701139e-06,0.000819866066375443,0.000819866066375444,"TPP1/TNFSF11/CAV1/MMP2/CSF1R/TIE1/FLT4/ACVRL1/GPNMB/CD38/TMBIM1/CSPG4/PTN/MMP14/DDR2/EPAS1/BGN/RSPO3/ACE/ITGB3/GJA1",21
"GO:0002685","regulation of leukocyte migration","31/1028","189/14695",0.164021164021164,2.34464105573055,5.10262215967803,7.28532773811559e-06,0.000931505393119989,0.000931505393119989,"LGALS3/CCR6/EMILIN1/NINJ1/ICAM1/CCL19/PLVAP/CALR/CCL21/CMKLR1/CSF1R/TNF/APP/VEGFC/MSN/CCL2/THY1/ITGA2B/DNM1L/C5AR1/LGMN/PTN/MMP14/PLA2G7/RARRES2/ITGA2/GCSAM/ITGB3/HMOX1/CSF1/CXCL10",31
"GO:0001704","formation of primary germ layer","17/1028","73/14695",0.232876712328767,3.32891370396034,5.47068129107662,8.47552022342395e-06,0.00105905477700875,0.00105905477700875,"COL5A1/LAMB3/ITGB4/ITGAV/MMP2/COL6A1/WLS/ITGA3/MMP15/COL4A2/MMP14/MMP9/COL5A2/ITGA2/ITGB3/GJA1/FN1",17
"GO:0001910","regulation of leukocyte mediated cytotoxicity","18/1028","82/14695",0.219512195121951,3.13787131061972,5.32413147136296,1.12083947012096e-05,0.00136752302350237,0.00136752302350237,"ITGAM/ICAM1/KLRD1/KLRC4/NOS2/KLRB1/HLA-E/ULBP2/KLRC3/ARG1/CD226/NECTIN2/HLA-A/HLA-DRB1/KLRC1/HLA-B/NCR1/KLRC2",18
"GO:0097529","myeloid leukocyte migration","29/1028","175/14695",0.165714285714286,2.36884380211228,4.99596730919264,1.16249639077852e-05,0.00136752302350237,0.00136752302350237,"LGALS3/EMP2/EMILIN1/NINJ1/CCL19/CCL21/CMKLR1/TNFSF11/CCL23/BSG/MMP2/CSF1R/APP/SAA1/VEGFC/CCL2/CXCL3/CXCL9/DNM1L/C5AR1/LGMN/PPBP/MMP14/SIRPA/PLA2G7/RARRES2/PPIB/CSF1/CXCL10",29
"GO:0001935","endothelial cell proliferation","24/1028","131/14695",0.183206106870229,2.61888496153503,5.10435979587264,1.16903568760661e-05,0.00136752302350237,0.00136752302350237,"KDR/SPARC/ENG/FGFR1/CAV1/CAV2/BMPER/TNF/TIE1/FLT4/ACVRL1/CCL2/NRP2/APOE/TEK/JCAD/MMP14/COL4A3/CD34/ITGB3/HTR2B/APLNR/HMOX1/STAT5A",24
"GO:0006958","complement activation, classical pathway","11/1028","35/14695",0.314285714285714,4.4926347971095,5.67348866413615,1.62810599691152e-05,0.00186485974396241,0.00186485974396241,"C4B/C4A/CLU/C1R/C7/C2/C1S/C3/C1RL/CFI/MASP2",11
"GO:0001909","leukocyte mediated cytotoxicity","22/1028","117/14695",0.188034188034188,2.68790116066381,5.02713962527003,1.75040979063854e-05,0.00196403123039401,0.00196403123039401,"ITGAM/EMP2/CTSC/ICAM1/KLRD1/KLRC4/NOS2/FCGR1A/KLRB1/HLA-E/ULBP2/KLRC3/ARG1/CD226/NECTIN2/HLA-A/TUBB4B/HLA-DRB1/KLRC1/HLA-B/NCR1/KLRC2",22
"GO:2000425","regulation of apoptotic cell clearance","6/1028","10/14695",0.6,8.57684824902724,6.57327181835895,1.89954211973595e-05,0.00207194032633855,0.00207194032633855,"C4B/CCL2/TGM2/C4A/C2/C3",6
"GO:0019886","antigen processing and presentation of exogenous peptide antigen via MHC class II","9/1028","24/14695",0.375,5.36053015564202,5.86333940445244,1.93888969927643e-05,0.00207194032633855,0.00207194032633855,"HLA-DRB5/HLA-DOA/CTSE/CTSL/CTSD/LGMN/IFI30/HLA-DRB1/HLA-DPB1",9
"GO:0019884","antigen processing and presentation of exogenous antigen","12/1028","42/14695",0.285714285714286,4.08421345191773,5.48953774173432,1.9973233411412e-05,0.00207194032633855,0.00207194032633855,"HLA-DRB5/HLA-DOA/CTSE/CTSL/HLA-E/CTSD/LGMN/HLA-A/IFI30/HLA-DRB1/HLA-B/HLA-DPB1",12
"GO:0034381","plasma lipoprotein particle clearance","12/1028","42/14695",0.285714285714286,4.08421345191773,5.48953774173432,1.9973233411412e-05,0.00207194032633855,0.00207194032633855,"ITGAV/EHD1/LPL/LDLR/NCEH1/LIPG/APOE/DGAT2/ITGB3/ANXA2/HMOX1/ADIPOQ",12
"GO:0050920","regulation of chemotaxis","28/1028","173/14695",0.161849710982659,2.3136006837453,4.76653931030277,2.55823512081395e-05,0.00260466235078428,0.00260466235078428,"CCR6/NINJ1/KDR/CCL19/GSTP1/CTTN/CALR/CCL21/HSPB1/CMKLR1/TUBB2B/FGFR1/CSF1R/APP/PDGFRB/VEGFC/CCL2/DNM1L/C5AR1/LGMN/PTN/NOVA2/STX4/PLA2G7/RARRES2/ITGA2/CSF1/CXCL10",28
"GO:0019882","antigen processing and presentation","19/1028","95/14695",0.2,2.85894941634241,4.98520388757215,2.63347723981087e-05,0.00263251961172367,0.00263251961172367,"CCL19/HLA-DRB5/HLA-DOA/CALR/CCL21/CTSE/CTSL/CD68/HLA-E/CTSD/ULBP2/LGMN/HLA-A/IFI30/HLA-DRB1/HLA-B/ACE/HLA-DPB1/CLEC4M",19
"GO:0030168","platelet activation","21/1028","113/14695",0.185840707964602,2.65654591784029,4.84801696894979,3.24209172322548e-05,0.00318303933826673,0.00318303933826673,"CLIC1/MYL9/CD40LG/HSPB1/COL3A1/SAA1/VWF/DGKG/PDPN/APOE/CSRP1/GP1BA/MMRN1/STXBP1/PLEK/THBD/VAV2/ITGB3/TLN1/FLNA/MYH9",21
"GO:0070661","leukocyte proliferation","34/1028","233/14695",0.145922746781116,2.08592875870476,4.58242213912702,3.46890610830025e-05,0.00334597294446224,0.00334597294446224,"VCAM1/LGALS3/EMP2/CD28/CCL19/LILRB4/TFRC/GSTP1/CD40LG/CSF2RB/TNFSF8/GLMN/BTLA/CSF1R/FLT3/HLA-E/BST2/MSN/DLG5/GPNMB/SDC4/FCRL3/CD38/ATM/CLU/ARG1/HLA-A/HLA-DRB1/PLA2G2D/IRF1/ACE/CSF1/HLA-DPB1/IL1B",34
"GO:1904018","positive regulation of vasculature development","26/1028","158/14695",0.164556962025316,2.35230015268679,4.6869921182591,3.67322545880854e-05,0.00348196440905678,0.00348196440905678,"EMP2/GRN/EMILIN1/NINJ1/KDR/CXCR4/HSPB1/BMPER/TIE1/VEGFC/TEK/TGM2/JCAD/C5AR1/TJP1/CD34/JUP/AQP1/C3/CDH5/ITGB3/APLNR/HMOX1/PKM/PTGIS/IL1B",26
"GO:0048251","elastic fiber assembly","6/1028","11/14695",0.545454545454545,7.79713477184294,6.18486199666096,3.93105434918253e-05,0.00366320962911958,0.00366320962911958,"EMILIN1/FBN1/MYH11/COL3A1/MFAP4/FBLN5",6
"GO:0007369","gastrulation","19/1028","98/14695",0.193877551020408,2.77143055665846,4.82542248509131,4.14693305666252e-05,0.00376524098611395,0.00376524098611395,"COL5A1/LAMB3/ITGB4/ITGAV/MMP2/COL6A1/WLS/ITGA3/MMP15/COL4A2/MMP14/MMP9/COL5A2/ITGA2/ITGB3/GJA1/APLNR/ADIPOQ/FN1",19
"GO:0071674","mononuclear cell migration","29/1028","187/14695",0.155080213903743,2.21683243513182,4.59280265771078,4.17751364410605e-05,0.00376524098611395,0.00376524098611395,"LGALS3/CCR6/EMILIN1/NINJ1/CCL19/CXCR4/CALR/CCL21/CMKLR1/TNFSF11/CCL23/MMP2/CSF1R/TNF/APP/SAA1/MSN/CCL2/CXCL11/C5AR1/LGMN/MMP14/SIRPA/PLA2G7/RARRES2/GCSAM/ITGB3/CSF1/CXCL10",29
"GO:0043534","blood vessel endothelial cell migration","21/1028","115/14695",0.182608695652174,2.61034511926916,4.75465595889333,4.25310599679578e-05,0.00377154464038438,0.00377154464038438,"EMP2/KDR/HSPB1/PLK2/FGFR1/EHD4/TNF/VEGFC/ACVRL1/APOE/JCAD/MMRN1/PTGS2/JUP/PRCP/MIRLET7A1/CDH5/MEOX2/HMOX1/MYH9/STAT5A",21
"GO:0006898","receptor-mediated endocytosis","35/1028","246/14695",0.142276422764228,2.03380547910537,4.48453549155414,4.57831244216799e-05,0.0039954860011174,0.0039954860011174,"ITGAM/LRP1/STAB2/DRD4/CUBN/CCL19/LILRB4/TFRC/CTTN/CCL21/CTSL/CAV1/CAV2/APP/LDLR/FMR1/CALCRL/APOE/PDLIM7/WASF1/CLU/CD63/CLTB/ARHGEF37/MARCO/C3/HSPG2/ITGB3/ANXA2/AP1S1/CD14/APLNR/ADIPOQ/CLEC4M/MRC2",35
"GO:0002460","adaptive immune response based on somatic recombination of immune receptors built from immunoglobulin superfamily domains","42/1028","318/14695",0.132075471698113,1.88798546362235,4.39051290395109,5.01415161232031e-05,0.00413099470214359,0.00413099470214359,"CCR6/EMP2/CTSC/IGHV4-34/CCL19/LILRB4/KLRD1/IL1R1/TFRC/CD40LG/CSF2RB/C4B/BTLA/FCGR1A/JAG1/YWHAG/HLA-E/JUNB/SOCS3/ULBP2/C4A/CLU/C1R/ARG1/CD226/C7/LEF1/C2/IGHV3-7/IGLC7/NECTIN2/HLA-A/HLA-DRB1/C1S/C3/KLRC1/HLA-B/C1RL/CFI/MASP2/STAT5A/IL1B",42
"GO:0002690","positive regulation of leukocyte chemotaxis","17/1028","83/14695",0.204819277108434,2.92783976372416,4.83042258322814,5.02981667184223e-05,0.00413099470214359,0.00413099470214359,"CCR6/CCL19/CALR/CCL21/CMKLR1/CSF1R/APP/VEGFC/CCL2/DNM1L/C5AR1/LGMN/PTN/PLA2G7/RARRES2/CSF1/CXCL10",17
"GO:0002455","humoral immune response mediated by circulating immunoglobulin","11/1028","39/14695",0.282051282051282,4.03185174099571,5.19951114566572,5.04734560596966e-05,0.00413099470214359,0.00413099470214359,"C4B/C4A/CLU/C1R/C7/C2/C1S/C3/C1RL/CFI/MASP2",11
"GO:0035987","endodermal cell differentiation","11/1028","39/14695",0.282051282051282,4.03185174099571,5.19951114566572,5.04734560596966e-05,0.00413099470214359,0.00413099470214359,"COL5A1/LAMB3/ITGAV/MMP2/COL6A1/MMP15/COL4A2/MMP14/MMP9/COL5A2/FN1",11
"GO:0022617","extracellular matrix disassembly","14/1028","60/14695",0.233333333333333,3.33544098573281,4.97139346687191,5.10926954794042e-05,0.00413099470214359,0.00413099470214359,"LRP1/LAMC1/TPSAB1/ENG/CTSK/MMP2/PDPN/MMP15/PLAU/MMP14/DDR2/MMP9/ADAMTS4/PLAUR",14
"GO:0003158","endothelium development","20/1028","108/14695",0.185185185185185,2.64717538550223,4.71192867579272,5.22626707231914e-05,0.00416435019762473,0.00416435019762473,"FBN1/ICAM1/KDR/ROBO4/JAG1/EDF1/RDX/BSG/TNF/TIE1/ACVRL1/FSTL1/MSN/PDPN/TJP1/CD34/CDH5/MAGI1/CXCL10/IL1B",20
"GO:0006956","complement activation","13/1028","53/14695",0.245283018867925,3.50625871815579,5.01295276091519,5.39501480788813e-05,0.00419395998501347,0.00419395998501347,"C4B/CD59/C4A/CLU/C1R/C7/C2/C1S/C3/C1RL/CFI/MASP2/IL1B",13
"GO:0032964","collagen biosynthetic process","12/1028","46/14695",0.260869565217391,3.7290644560988,5.08415400461962,5.41599052266199e-05,0.00419395998501347,0.00419395998501347,"PCOLCE/EMILIN1/MYB/COL5A1/PLOD2/PLOD1/COL1A1/VIM/PRDX5/DDR2/PLOD3/ITGA2",12
"GO:0001936","regulation of endothelial cell proliferation","21/1028","117/14695",0.17948717948718,2.56572383517909,4.66325429325675,5.53692104929273e-05,0.0042065268980763,0.0042065268980763,"KDR/SPARC/ENG/FGFR1/CAV1/CAV2/TNF/TIE1/FLT4/ACVRL1/CCL2/NRP2/APOE/TEK/JCAD/COL4A3/ITGB3/HTR2B/APLNR/HMOX1/STAT5A",21
"GO:0044403","biological process involved in symbiotic interaction","26/1028","162/14695",0.160493827160494,2.29421866743527,4.5427360984195,5.69001225289693e-05,0.0042065268980763,0.0042065268980763,"LRP1/ICAM1/TFRC/CXCR4/CTSB/CTSL/ITGB7/ITGAV/CAV1/CAV2/BSG/LDLR/BST2/HSPA1A/FMR1/ARG1/NECTIN2/ITGA2/ITGB3/TRIM21/CHMP2A/CHMP4B/MYH9/LRRC15/CLEC4M/FN1",26
"GO:0002495","antigen processing and presentation of peptide antigen via MHC class II","9/1028","27/14695",0.333333333333333,4.76491569390402,5.37009124483395,5.73983721370711e-05,0.0042065268980763,0.0042065268980763,"HLA-DRB5/HLA-DOA/CTSE/CTSL/CTSD/LGMN/IFI30/HLA-DRB1/HLA-DPB1",9
"GO:0034383","low-density lipoprotein particle clearance","9/1028","27/14695",0.333333333333333,4.76491569390402,5.37009124483395,5.73983721370711e-05,0.0042065268980763,0.0042065268980763,"ITGAV/EHD1/LDLR/NCEH1/DGAT2/ITGB3/ANXA2/HMOX1/ADIPOQ",9
"GO:1901342","regulation of vasculature development","38/1028","279/14695",0.136200716845878,1.94695479965971,4.37964533179943,5.81476981181882e-05,0.0042065268980763,0.0042065268980763,"EMP2/GRN/EMILIN1/NINJ1/KDR/SPARC/CXCR4/HSPB1/PLK2/PLXND1/BMPER/TNF/TIE1/VEGFC/GPNMB/COL4A2/TEK/TGM2/JCAD/C5AR1/TJP1/COL4A3/CD34/ADAMTS9/JUP/AQP1/C3/ECSCR/HSPG2/CDH5/ITGB3/APLNR/HMOX1/FBLN5/CXCL10/PKM/PTGIS/IL1B",38
"GO:0045766","positive regulation of angiogenesis","25/1028","154/14695",0.162337662337662,2.32057582495326,4.51810733098186,6.47982672291346e-05,0.00462676458734782,0.00462676458734782,"EMP2/GRN/EMILIN1/NINJ1/KDR/HSPB1/BMPER/TIE1/VEGFC/TEK/TGM2/JCAD/C5AR1/TJP1/CD34/JUP/AQP1/C3/CDH5/ITGB3/APLNR/HMOX1/PKM/PTGIS/IL1B",25
"GO:0031638","zymogen activation","12/1028","47/14695",0.25531914893617,3.64972265916053,4.98988068119703,6.81480727733108e-05,0.00468604928495083,0.00468604928495083,"GGT1/CTSL/CTSZ/PLAU/C1R/MMP14/C1S/PLAUR/THBD/ANXA2/C1RL/MASP2",12
"GO:0042269","regulation of natural killer cell mediated cytotoxicity","12/1028","47/14695",0.25531914893617,3.64972265916053,4.98988068119703,6.81480727733108e-05,0.00468604928495083,0.00468604928495083,"KLRD1/KLRC4/KLRB1/HLA-E/KLRC3/CD226/NECTIN2/HLA-A/KLRC1/HLA-B/NCR1/KLRC2",12
"GO:0045765","regulation of angiogenesis","37/1028","271/14695",0.136531365313653,1.95168133587951,4.33673932948044,6.87768357605608e-05,0.00468604928495083,0.00468604928495083,"EMP2/GRN/EMILIN1/NINJ1/KDR/SPARC/HSPB1/PLK2/PLXND1/BMPER/TNF/TIE1/VEGFC/GPNMB/COL4A2/TEK/TGM2/JCAD/C5AR1/TJP1/COL4A3/CD34/ADAMTS9/JUP/AQP1/C3/ECSCR/HSPG2/CDH5/ITGB3/APLNR/HMOX1/FBLN5/CXCL10/PKM/PTGIS/IL1B",37
"GO:0071677","positive regulation of mononuclear cell migration","17/1028","85/14695",0.2,2.85894941634241,4.71391671472312,6.9037830498548e-05,0.00468604928495083,0.00468604928495083,"LGALS3/CCR6/CALR/CCL21/CMKLR1/CSF1R/TNF/APP/CCL2/C5AR1/LGMN/MMP14/PLA2G7/RARRES2/ITGB3/CSF1/CXCL10",17
"GO:0045807","positive regulation of endocytosis","23/1028","137/14695",0.167883211678832,2.39984805021443,4.5146106386339,7.39026293897763e-05,0.00495508117542671,0.00495508117542671,"LRP1/CCL19/CALR/CCL21/C4B/FCGR1A/APP/CCL2/FMR1/APOE/C4A/CLU/CD63/SIRPA/C2/C3/ITGA2/PRKACA/CD151/ANXA2/CD14/APLNR/MASP2",23
"GO:0035904","aorta development","10/1028","34/14695",0.294117647058824,4.20433737697414,5.13010052392585,7.48289229558003e-05,0.0049567399808553,0.0049567399808553,"LRP1/ENG/JAG1/PDGFRB/COL3A1/ACVRL1/LOXL1/ADAMTS9/EGR2/APLNR",10
"GO:0019730","antimicrobial humoral response","18/1028","94/14695",0.191489361702128,2.7372919943704,4.63420693268979,7.76554168211729e-05,0.00508273192479534,0.00508273192479534,"LGALS3/CCL19/CCL21/GNLY/CCL23/APP/HLA-E/CCL2/CXCL11/KNG1/CXCL3/CXCL9/PPBP/CCL14/HLA-A/RARRES2/IGHM/CXCL10",18
"GO:0033627","cell adhesion mediated by integrin","16/1028","78/14695",0.205128205128205,2.93225581163324,4.69259180609311,8.15069686294733e-05,0.00527206251205699,0.00527206251205699,"VCAM1/ITGAM/EMILIN1/FBN1/ICAM1/ITGB4/CCL21/TESC/ITGB7/ITGAV/ITGA2B/PLAU/MMRN1/ITGA2/ITGB3/PODXL",16
"GO:0002768","immune response-regulating cell surface receptor signaling pathway","44/1028","346/14695",0.127167630057803,1.81782910865703,4.2220150164846,8.28764782534182e-05,0.00529831252834062,0.00529831252834062,"ITGAM/LGALS3/NINJ1/THEMIS/CD28/LILRB4/KLRD1/FCAR/KLRC4/CMKLR1/NOS2/BTLA/FCGR1A/TRGC1/TRGC2/ITK/NR1H3/LIMK1/TRAT1/THY1/FCRL3/CD38/KLRC3/C5AR1/CD226/PVRIG/IGLC7/NECTIN2/HLA-A/SQSTM1/HLA-DRB1/TXK/C3/KCNN4/KLRC1/GCSAM/TRDC/VAV2/NCR1/IGHM/KLRC2/CD14/MASP2/HLA-DPB1",44
"GO:0070372","regulation of ERK1 and ERK2 cascade","32/1028","224/14695",0.142857142857143,2.04210672595887,4.3103934510886,8.82666173541995e-05,0.00557804439325735,0.00557804439325734,"EMILIN1/ICAM1/KDR/CCL19/GSTP1/CCL21/TNFSF11/BTLA/FFAR4/FERMT2/BMPER/CSF1R/TNF/APP/FLT4/PDGFRB/GPNMB/APOE/TEK/ZDHHC17/C5AR1/SIRPA/DDR2/OPRM1/MARCO/SEMA7A/TNIP1/ITGB3/HTR2B/ADIPOQ/FN1/IL1B",32
"GO:0030574","collagen catabolic process","10/1028","35/14695",0.285714285714286,4.08421345191773,5.01004286841355,9.8248068150474e-05,0.00613827134876484,0.00613827134876484,"ADAMTS2/CTSB/CTSL/CTSK/MMP2/MMP15/MMP14/MMP9/PEPD/MRC2",10
"GO:0002429","immune response-activating cell surface receptor signaling pathway","40/1028","307/14695",0.130293159609121,1.86250776308952,4.18853321475137,0.000101472518156383,0.00622664401281038,0.00622664401281038,"ITGAM/LGALS3/NINJ1/THEMIS/CD28/LILRB4/KLRD1/KLRC4/CMKLR1/NOS2/TRGC1/TRGC2/ITK/NR1H3/LIMK1/TRAT1/THY1/FCRL3/CD38/KLRC3/C5AR1/CD226/PVRIG/IGLC7/NECTIN2/HLA-A/SQSTM1/HLA-DRB1/TXK/C3/KCNN4/KLRC1/GCSAM/TRDC/VAV2/IGHM/KLRC2/CD14/MASP2/HLA-DPB1",40
"GO:0002699","positive regulation of immune effector process","30/1028","206/14695",0.145631067961165,2.08175928374448,4.28819980646199,0.000101927602974342,0.00622664401281038,0.00622664401281038,"ITGAM/CCL19/KLRD1/IL1R1/TFRC/KLRC4/C4B/NOS2/YWHAG/TNF/HLA-E/HK1/ULBP2/C4A/KLRC3/STXBP1/ARG1/CD226/C2/STX4/NECTIN2/HLA-A/HLA-DRB1/SEMA7A/C3/KLRC1/HLA-B/KLRC2/MASP2/IL1B",30
"GO:0007492","endoderm development","12/1028","49/14695",0.244897959183673,3.50075438735806,4.80883130738926,0.000105662699007211,0.00630422257780598,0.00630422257780598,"COL5A1/LAMB3/LAMC1/ITGAV/MMP2/COL6A1/MMP15/COL4A2/MMP14/MMP9/COL5A2/FN1",12
"GO:0045428","regulation of nitric oxide biosynthetic process","12/1028","49/14695",0.244897959183673,3.50075438735806,4.80883130738926,0.000105662699007211,0.00630422257780598,0.00630422257780598,"CAV1/TNF/APP/APOE/CLU/GLA/SIRPA/PTGS2/OPRM1/NFATC3/PTGIS/IL1B",12
"GO:0002504","antigen processing and presentation of peptide or polysaccharide antigen via MHC class II","9/1028","29/14695",0.310344827586207,4.43630081846236,5.08000701553404,0.000107990485479342,0.00630422257780598,0.00630422257780598,"HLA-DRB5/HLA-DOA/CTSE/CTSL/CTSD/LGMN/IFI30/HLA-DRB1/HLA-DPB1",9
"GO:0045446","endothelial cell differentiation","17/1028","88/14695",0.193181818181818,2.76148523169438,4.5453759080705,0.00010866204699925,0.00630422257780598,0.00630422257780598,"FBN1/ICAM1/KDR/ROBO4/JAG1/EDF1/RDX/TNF/TIE1/ACVRL1/FSTL1/MSN/PDPN/TJP1/CDH5/MAGI1/IL1B",17
"GO:0070663","regulation of leukocyte proliferation","29/1028","197/14695",0.147208121827411,2.1043028698967,4.27954151828333,0.000108930728426986,0.00630422257780598,0.00630422257780598,"VCAM1/LGALS3/CD28/CCL19/LILRB4/TFRC/GSTP1/CD40LG/CSF2RB/TNFSF8/GLMN/BTLA/CSF1R/HLA-E/BST2/DLG5/GPNMB/SDC4/FCRL3/CD38/ATM/ARG1/HLA-A/HLA-DRB1/PLA2G2D/IRF1/CSF1/HLA-DPB1/IL1B",29
"GO:0003018","vascular process in circulatory system","30/1028","207/14695",0.144927536231884,2.07170247561044,4.25877960775053,0.000111422631523637,0.00635995931014084,0.00635995931014084,"LRP1/ADCY6/ATP8A1/FBN1/TFRC/SOD2/PLVAP/SLC2A10/KCNMB4/ABCC9/CAV1/ATP1B2/FERMT2/MMP2/SLC29A2/TNF/SLC22A5/KCNMA1/KNG1/ABCC2/ECE1/APOE/TEK/CD38/TJP1/ABCC3/KEL/CDH5/ACE/HTR2B",30
"GO:0097006","regulation of plasma lipoprotein particle levels","15/1028","72/14695",0.208333333333333,2.97807230869001,4.61445217599594,0.000112207357781677,0.00635995931014084,0.00635995931014084,"FBN1/ITGAV/EHD1/LPL/LDLR/NCEH1/LIPG/APOE/DGAT2/PLA2G7/PRKACA/ITGB3/ANXA2/HMOX1/ADIPOQ",15
"GO:0070374","positive regulation of ERK1 and ERK2 cascade","24/1028","150/14695",0.16,2.28715953307393,4.3456137473746,0.000113730465562986,0.00638051122107445,0.00638051122107445,"ICAM1/KDR/CCL19/CCL21/TNFSF11/FFAR4/FERMT2/BMPER/CSF1R/TNF/APP/FLT4/PDGFRB/GPNMB/APOE/TEK/C5AR1/DDR2/OPRM1/MARCO/SEMA7A/ITGB3/HTR2B/IL1B",24
"GO:0007044","cell-substrate junction assembly","17/1028","89/14695",0.191011235955056,2.73045730774275,4.49076389457395,0.000125714403715453,0.00698159385482385,0.00698159385482385,"EFNA5/KDR/LAMC1/CTTN/GPM6B/ITGB4/FERMT2/CFL1/ACVRL1/THY1/SDC4/TEK/MMP14/ITGA2/TLN1/ACTN1/FN1",17
"GO:2001046","positive regulation of integrin-mediated signaling pathway","6/1028","13/14695",0.461538461538462,6.5975755761748,5.53743970145041,0.000129231750253497,0.00710516162893728,0.00710516162893728,"EMP2/LAMC1/LAMB2/CD63/FLNA/NID1",6
"GO:0016064","immunoglobulin mediated immune response","22/1028","133/14695",0.165413533834586,2.36454463005763,4.33543849720218,0.000131583914235052,0.00716285505410212,0.00716285505410212,"CCR6/IGHV4-34/TFRC/CD40LG/CSF2RB/C4B/FCGR1A/HLA-E/C4A/CLU/C1R/CD226/C7/C2/IGHV3-7/IGLC7/NECTIN2/C1S/C3/C1RL/CFI/MASP2",22
"GO:0070371","ERK1 and ERK2 cascade","33/1028","239/14695",0.138075313807531,1.97375168910669,4.16248884443485,0.000134230189300878,0.00723527039976696,0.00723527039976696,"EMILIN1/ICAM1/KDR/CCL19/GSTP1/CCL21/TNFSF11/BTLA/FFAR4/ITGAV/FERMT2/BMPER/CSF1R/TNF/APP/FLT4/PDGFRB/GPNMB/APOE/TEK/ZDHHC17/C5AR1/SIRPA/DDR2/OPRM1/MARCO/SEMA7A/TNIP1/ITGB3/HTR2B/ADIPOQ/FN1/IL1B",33
"GO:0034446","substrate adhesion-dependent cell spreading","17/1028","90/14695",0.188888888888889,2.70011889321228,4.436901072744,0.000145065228081639,0.00774338469895974,0.00774338469895974,"EFNA5/LAMB3/PARVA/ANTXR1/LAMC1/CALR/ITGB7/ITGAV/FERMT2/LAMB2/PDPN/TEK/ACTN4/ITGB3/MICALL2/FLNA/FN1",17
"GO:0061844","antimicrobial humoral immune response mediated by antimicrobial peptide","14/1028","66/14695",0.212121212121212,3.03221907793892,4.53800687794702,0.000153833686387789,0.00813247699769291,0.00813247699769291,"LGALS3/CCL19/CCL21/GNLY/CCL23/APP/CCL2/CXCL11/KNG1/CXCL3/CXCL9/PPBP/CCL14/CXCL10",14
"GO:0044319","wound healing, spreading of cells","10/1028","37/14695",0.27027027027027,3.86344515721948,4.78280143455504,0.000163983750608338,0.00842600617611814,0.00842600617611814,"COL5A1/RHOC/ITGAV/FERMT2/ACVRL1/PDPN/CD151/ITGB3/FLNA/ARHGAP24",10
"GO:0090505","epiboly involved in wound healing","10/1028","37/14695",0.27027027027027,3.86344515721948,4.78280143455504,0.000163983750608338,0.00842600617611814,0.00842600617611814,"COL5A1/RHOC/ITGAV/FERMT2/ACVRL1/PDPN/CD151/ITGB3/FLNA/ARHGAP24",10
"GO:0097242","amyloid-beta clearance","10/1028","37/14695",0.27027027027027,3.86344515721948,4.78280143455504,0.000163983750608338,0.00842600617611814,0.00842600617611814,"ITGAM/LRP1/TNF/APP/LDLR/APOE/CLU/C5AR1/MARCO/C3",10
"GO:0070482","response to oxygen levels","36/1028","273/14695",0.131868131868132,1.8850215931928,4.048111096052,0.000174292418215798,0.00887277514213386,0.00887277514213386,"MT-CO2/VCAM1/MYB/PLOD2/TFRC/MT-CYB/TERC/SOD2/CXCR4/ENG/PLOD1/COL1A1/CAV1/MT-ND1/MMP2/TNF/VEGFC/MT-ND4/KCNMA1/HYOU1/LMNA/MT-ND2/CD38/MT-ATP6/DRAM1/MT-CO1/MMP14/PTGS2/DDR2/ATP6V0D1/EPAS1/MT-ND5/AQP1/ITGA2/PTGIS/DDIT4",36
"GO:0097485","neuron projection guidance","25/1028","164/14695",0.152439024390244,2.17907729904147,4.16434237709171,0.000182192037621559,0.00917687268482936,0.00917687268482936,"NELL2/EFNA5/EFNB1/ENAH/SEMA3D/ROBO4/TUBB2B/RELN/BSG/CSF1R/PLXNA1/APP/CYFIP1/NRP2/ECE1/L1CAM/NOTCH3/SEMA3A/ANOS1/MYOT/NOVA2/CNTN1/SEMA7A/ARHGEF25/TENM3",25
"GO:0002040","sprouting angiogenesis","22/1028","136/14695",0.161764705882353,2.31238555733577,4.21691746970391,0.000183604218867084,0.00917687268482936,0.00917687268482936,"KDR/PARVA/PLK2/BMPER/EHD4/FLT4/VEGFC/ACVRL1/TEK/TGM2/JCAD/MMRN1/TJP1/PTGS2/ADAMTS9/RSPO3/MIRLET7A1/CDH5/MEOX2/APLNR/HMOX1/PKM",22
"GO:0071675","regulation of mononuclear cell migration","21/1028","127/14695",0.165354330708661,2.36369833634609,4.23301865710301,0.000186404930308357,0.0092329216832013,0.0092329216832013,"LGALS3/CCR6/EMILIN1/NINJ1/CALR/CCL21/CMKLR1/CSF1R/TNF/APP/MSN/CCL2/C5AR1/LGMN/MMP14/PLA2G7/RARRES2/GCSAM/ITGB3/CSF1/CXCL10",21
"GO:0002715","regulation of natural killer cell mediated immunity","12/1028","52/14695",0.230769230769231,3.2987877880874,4.5542356634168,0.000194522587441518,0.00946447067038467,0.00946447067038467,"KLRD1/KLRC4/KLRB1/HLA-E/KLRC3/CD226/NECTIN2/HLA-A/KLRC1/HLA-B/NCR1/KLRC2",12
"GO:0080164","regulation of nitric oxide metabolic process","12/1028","52/14695",0.230769230769231,3.2987877880874,4.5542356634168,0.000194522587441518,0.00946447067038467,0.00946447067038467,"CAV1/TNF/APP/APOE/CLU/GLA/SIRPA/PTGS2/OPRM1/NFATC3/PTGIS/IL1B",12
"GO:0045216","cell-cell junction organization","25/1028","165/14695",0.151515151515152,2.16587076995637,4.13037569904778,0.00020078999685358,0.00968371405878057,0.00968371405878057,"RAB13/KIRREL1/RHOC/RDX/CAV1/FERMT2/KIFC3/CSF1R/TNF/ESAM/ACVRL1/MYO1C/EPB41L3/TJP1/MPDZ/JUP/PRKACA/CDH5/ACE/GJA1/TLN1/MICALL2/CTNNA1/APLNR/IL1B",25
"GO:0001706","endoderm formation","11/1028","45/14695",0.244444444444444,3.49427150886295,4.59580029179824,0.000207465521140898,0.0097737237435134,0.0097737237435134,"COL5A1/LAMB3/ITGAV/MMP2/COL6A1/MMP15/COL4A2/MMP14/MMP9/COL5A2/FN1",11
"GO:0085029","extracellular matrix assembly","10/1028","38/14695",0.263157894736842,3.76177554781896,4.67506455771875,0.000208742068531876,0.0097737237435134,0.0097737237435134,"EMILIN1/FBN1/GPM6B/MYH11/TIE1/COL3A1/PXDN/MFAP4/ELN/FBLN5",10
"GO:0090504","epiboly","10/1028","38/14695",0.263157894736842,3.76177554781896,4.67506455771875,0.000208742068531876,0.0097737237435134,0.0097737237435134,"COL5A1/RHOC/ITGAV/FERMT2/ACVRL1/PDPN/CD151/ITGB3/FLNA/ARHGAP24",10
"GO:0060840","artery development","13/1028","60/14695",0.216666666666667,3.09719520103761,4.46424576124412,0.000209767079253289,0.0097737237435134,0.0097737237435134,"LRP1/SLC2A10/ENG/JAG1/LDLR/PDGFRB/COL3A1/ACVRL1/LOXL1/ADAMTS9/NFATC3/EGR2/APLNR",13
"GO:0042267","natural killer cell mediated cytotoxicity","14/1028","68/14695",0.205882352941176,2.9430361638819,4.40440946558881,0.000214824939786441,0.00992527326845256,0.00992527326845257,"KLRD1/KLRC4/KLRB1/HLA-E/ULBP2/KLRC3/CD226/NECTIN2/HLA-A/TUBB4B/KLRC1/HLA-B/NCR1/KLRC2",14
"GO:0019724","B cell mediated immunity","22/1028","138/14695",0.159420289855072,2.27887272317149,4.13962408003223,0.000227663501008765,0.0104307827378849,0.0104307827378849,"CCR6/IGHV4-34/TFRC/CD40LG/CSF2RB/C4B/FCGR1A/HLA-E/C4A/CLU/C1R/CD226/C7/C2/IGHV3-7/IGLC7/NECTIN2/C1S/C3/C1RL/CFI/MASP2",22
"GO:0034109","homotypic cell-cell adhesion","16/1028","85/14695",0.188235294117647,2.69077592126345,4.2874630186425,0.000234952814629963,0.0106234055154849,0.0106234055154849,"CLIC1/MYL9/HSPB1/TNFSF11/PDPN/CSRP1/MMRN1/STXBP1/PLEK/DSC2/JUP/PLAUR/ITGB3/TLN1/FLNA/MYH9",16
"GO:0002705","positive regulation of leukocyte mediated immunity","20/1028","120/14695",0.166666666666667,2.38245784695201,4.17030882530999,0.000235732170405449,0.0106234055154849,0.0106234055154849,"ITGAM/KLRD1/IL1R1/TFRC/KLRC4/NOS2/YWHAG/HLA-E/ULBP2/KLRC3/ARG1/CD226/STX4/NECTIN2/HLA-A/HLA-DRB1/KLRC1/HLA-B/KLRC2/IL1B",20
"GO:0006809","nitric oxide biosynthetic process","13/1028","61/14695",0.213114754098361,3.04642150921732,4.39246654002622,0.000249760938709791,0.0111253899310355,0.0111253899310355,"NOS2/CAV1/TNF/APP/APOE/CLU/GLA/SIRPA/PTGS2/OPRM1/NFATC3/PTGIS/IL1B",13
"GO:0043535","regulation of blood vessel endothelial cell migration","17/1028","94/14695",0.180851063829787,2.58522021690537,4.22855716991041,0.000250918215978248,0.0111253899310355,0.0111253899310355,"KDR/HSPB1/PLK2/FGFR1/TNF/VEGFC/ACVRL1/APOE/JCAD/MMRN1/PTGS2/JUP/PRCP/MIRLET7A1/MEOX2/HMOX1/STAT5A",17
"GO:0032943","mononuclear cell proliferation","29/1028","207/14695",0.140096618357488,2.00264572642343,3.98435878489325,0.000260527931047353,0.0113691949263355,0.0113691949263355,"VCAM1/LGALS3/EMP2/CD28/CCL19/LILRB4/TFRC/CD40LG/TNFSF8/GLMN/BTLA/FLT3/HLA-E/MSN/DLG5/GPNMB/SDC4/FCRL3/CD38/ATM/ARG1/HLA-A/HLA-DRB1/PLA2G2D/IRF1/ACE/CSF1/HLA-DPB1/IL1B",29
"GO:0010595","positive regulation of endothelial cell migration","18/1028","103/14695",0.174757281553398,2.49811114049337,4.18441946174886,0.000260552666554797,0.0113691949263355,0.0113691949263355,"GRN/KDR/SPARC/CALR/HSPB1/PLK2/FGFR1/BSG/FLT4/VEGFC/NRP2/TEK/JCAD/LGMN/PTGS2/ITGB3/HMOX1/STAT5A",18
"GO:0045954","positive regulation of natural killer cell mediated cytotoxicity","8/1028","26/14695",0.307692307692308,4.39838371744986,4.75651435557467,0.000279729160886491,0.0121098498153853,0.0121098498153853,"KLRD1/KLRC4/HLA-E/KLRC3/CD226/NECTIN2/KLRC1/KLRC2",8
"GO:0071621","granulocyte chemotaxis","17/1028","95/14695",0.178947368421053,2.5580073725169,4.17815801874764,0.00028606588279529,0.0122874236219414,0.0122874236219414,"LGALS3/CCL19/CCL21/CMKLR1/BSG/CSF1R/SAA1/CCL2/CXCL3/CXCL9/DNM1L/C5AR1/PPBP/RARRES2/PPIB/CSF1/CXCL10",17
"GO:2001057","reactive nitrogen species metabolic process","14/1028","70/14695",0.2,2.85894941634241,4.27561540243818,0.000295562575549387,0.01259692279357,0.01259692279357,"NOS2/CAV1/TNF/APP/PRDX5/APOE/CLU/GLA/SIRPA/PTGS2/OPRM1/NFATC3/PTGIS/IL1B",14
"GO:0042129","regulation of T cell proliferation","21/1028","132/14695",0.159090909090909,2.27416430845419,4.0328953657334,0.000322341158458826,0.0136325514554356,0.0136325514554356,"VCAM1/LGALS3/CD28/CCL19/LILRB4/TFRC/CD40LG/TNFSF8/GLMN/BTLA/HLA-E/DLG5/GPNMB/SDC4/ARG1/HLA-A/HLA-DRB1/PLA2G2D/IRF1/HLA-DPB1/IL1B",21
"GO:0007043","cell-cell junction assembly","20/1028","123/14695",0.16260162601626,2.32434911897757,4.0450643908903,0.00033039240747853,0.0138663927963126,0.0138663927963126,"RAB13/RHOC/CAV1/TNF/ESAM/ACVRL1/MYO1C/EPB41L3/TJP1/MPDZ/JUP/PRKACA/CDH5/ACE/GJA1/TLN1/MICALL2/CTNNA1/APLNR/IL1B",20
"GO:0016264","gap junction assembly","6/1028","15/14695",0.4,5.71789883268483,5.01373301292441,0.000333726403422791,0.013900210348625,0.013900210348625,"CAV1/ACE/GJA1/CTNNA1/APLNR/IL1B",6
"GO:0036293","response to decreased oxygen levels","33/1028","251/14695",0.131474103585657,1.87938905855178,3.85393296692213,0.000337377664054623,0.0139466345637016,0.0139466345637016,"MT-CO2/VCAM1/MYB/PLOD2/TFRC/MT-CYB/TERC/SOD2/CXCR4/ENG/PLOD1/CAV1/MT-ND1/MMP2/TNF/VEGFC/MT-ND4/KCNMA1/HYOU1/LMNA/MT-ND2/CD38/DRAM1/MT-CO1/MMP14/PTGS2/DDR2/EPAS1/MT-ND5/AQP1/ITGA2/PTGIS/DDIT4",33
"GO:0001666","response to hypoxia","32/1028","242/14695",0.132231404958678,1.89021449014374,3.82959915458798,0.000372056347170123,0.0151778828764613,0.0151778828764613,"MT-CO2/VCAM1/MYB/PLOD2/TFRC/MT-CYB/TERC/SOD2/CXCR4/ENG/PLOD1/CAV1/MT-ND1/MMP2/TNF/VEGFC/MT-ND4/KCNMA1/HYOU1/LMNA/MT-ND2/CD38/MT-CO1/MMP14/PTGS2/DDR2/EPAS1/MT-ND5/AQP1/ITGA2/PTGIS/DDIT4",32
"GO:0008217","regulation of blood pressure","19/1028","115/14695",0.165217391304348,2.36174082219591,4.02063448216648,0.000374816140780927,0.0151778828764613,0.0151778828764613,"EMILIN1/SOD2/TAC4/ENG/NOS2/PLCB3/TNF/ENPEP/VEGFC/CTSZ/ACVRL1/ECE1/PTGS2/RARRES2/COL1A2/PRCP/ACE/CPA3/ADIPOQ",19
"GO:0001570","vasculogenesis","11/1028","48/14695",0.229166666666667,3.27587953955901,4.33137242424013,0.000380661551290866,0.0151778828764613,0.0151778828764613,"EMP2/KDR/GLMN/ENG/ITGAV/CAV1/TIE1/PDGFRB/CD34/RASA1/APLNR",11
"GO:1905517","macrophage migration","11/1028","48/14695",0.229166666666667,3.27587953955901,4.33137242424013,0.000380661551290866,0.0151778828764613,0.0151778828764613,"LGALS3/EMILIN1/CMKLR1/MMP2/CSF1R/SAA1/CCL2/C5AR1/MMP14/RARRES2/CSF1",11
"GO:1905954","positive regulation of lipid localization","15/1028","80/14695",0.1875,2.68026507782101,4.13288539777955,0.000380965412322965,0.0151778828764613,0.0151778828764613,"LRP1/MYB/ATP8A1/TNFSF11/CAV1/NR1H3/EHD1/LPL/LIPG/APOE/CES1/C3/ANXA2/ADIPOQ/IL1B",15
"GO:0061564","axon development","43/1028","360/14695",0.119444444444444,1.70742812364894,3.72704555183372,0.000397536339140405,0.0157241351985176,0.0157241351985176,"NELL2/EFNA5/GRN/EFNB1/ENAH/CTTN/GPM6B/SEMA3D/CDKL3/ROBO4/TUBB2B/MAP1B/RELN/PLXND1/BSG/VIM/MMP2/CSF1R/LIMK1/APP/CYFIP1/THY1/NRP2/ECE1/L1CAM/NOTCH3/APOE/SEMA3A/ZDHHC17/ANOS1/STXBP1/MYOT/PTN/NOVA2/CNTN1/OLFM1/SEMA7A/JUP/S100A6/APLP2/ARHGEF25/TENM3/CTNNA1",43
"GO:0042110","T cell activation","52/1028","460/14695",0.11304347826087,1.61592793097615,3.68095117422278,0.000400984330068588,0.0157472274765507,0.0157472274765507,"VCAM1/LGALS3/CCR6/KLRF1/MYB/THEMIS/ICAM1/CD28/CCL19/LILRB4/TFRC/CD40LG/HLA-DRB5/HLA-DOA/CCL21/TNFSF8/TNFSF11/CTSL/GLMN/BTLA/TRGC1/CAV1/ITK/YWHAG/PLXNA1/HLA-E/GLI3/MSN/JUNB/DLG5/CCL2/THY1/GPNMB/SOCS3/CLPTM1/SDC4/CD38/CAMK4/GSN/ARG1/LEF1/SIRPA/HLA-A/HLA-DRB1/PLA2G2D/IRF1/KLRC1/NFATC3/TRDC/HLA-DPB1/STAT5A/IL1B",52
"GO:0003073","regulation of systemic arterial blood pressure","12/1028","56/14695",0.214285714285714,3.0631600889383,4.24229840719845,0.000406130947357176,0.0158362265856011,0.0158362265856011,"SOD2/TAC4/ENG/PLCB3/TNF/ENPEP/CTSZ/ECE1/RARRES2/PRCP/ACE/CPA3",12
"GO:0048246","macrophage chemotaxis","9/1028","34/14695",0.264705882352941,3.78390363927672,4.45699183270735,0.000411775034534911,0.0158392970735904,0.0158392970735904,"LGALS3/CMKLR1/MMP2/CSF1R/SAA1/CCL2/C5AR1/RARRES2/CSF1",9
"GO:0007411","axon guidance","24/1028","163/14695",0.147239263803681,2.1047480365711,3.88977359491181,0.000411971531743076,0.0158392970735904,0.0158392970735904,"NELL2/EFNA5/EFNB1/ENAH/SEMA3D/ROBO4/TUBB2B/RELN/BSG/CSF1R/APP/CYFIP1/NRP2/ECE1/L1CAM/NOTCH3/SEMA3A/ANOS1/MYOT/NOVA2/CNTN1/SEMA7A/ARHGEF25/TENM3",24
"GO:0001952","regulation of cell-matrix adhesion","19/1028","116/14695",0.163793103448276,2.3413809875218,3.97783945378127,0.000419465419414367,0.0160154227495846,0.0160154227495846,"EMP2/EFNA5/KDR/GPM6B/CCL21/JAG1/FERMT2/CFL1/ACVRL1/THY1/SDC4/TEK/PLAU/MMP14/LEF1/JUP/RASA1/TLN1/CSF1",19
"GO:0038084","vascular endothelial growth factor signaling pathway","11/1028","49/14695",0.224489795918367,3.20902485507822,4.24784934322308,0.000460266482215082,0.0174520353049553,0.0174520353049553,"EMILIN1/KDR/FLT3/FLT4/PDGFRB/VEGFC/MYO1C/NRP2/JCAD/CD63/ITGB3",11
"GO:0002228","natural killer cell mediated immunity","14/1028","73/14695",0.191780821917808,2.74145834443793,4.09073276004394,0.000464788210878146,0.0175027779685483,0.0175027779685483,"KLRD1/KLRC4/KLRB1/HLA-E/ULBP2/KLRC3/CD226/NECTIN2/HLA-A/TUBB4B/KLRC1/HLA-B/NCR1/KLRC2",14
"GO:0002698","negative regulation of immune effector process","17/1028","99/14695",0.171717171717172,2.45465353928389,3.98281574926084,0.000472791714623341,0.0175635732905347,0.0175635732905347,"LGALS3/GRN/LILRB4/KLRD1/BTLA/CD59/TNF/HLA-E/BST2/FCRL3/CLU/ARG1/NECTIN2/HLA-A/KLRC1/HLA-B/STAT5A",17
"GO:0150115","cell-substrate junction organization","17/1028","99/14695",0.171717171717172,2.45465353928389,3.98281574926084,0.000472791714623341,0.0175635732905347,0.0175635732905347,"EFNA5/KDR/LAMC1/CTTN/GPM6B/ITGB4/FERMT2/CFL1/ACVRL1/THY1/SDC4/TEK/MMP14/ITGA2/TLN1/ACTN1/FN1",17
"GO:0031640","killing of cells of another organism","13/1028","65/14695",0.2,2.85894941634241,4.11938198628597,0.000481441678280841,0.0176464423145871,0.0176464423145871,"LGALS3/NINJ1/CCL19/CCL21/GNLY/CXCL11/KNG1/CXCL3/CXCL9/PPBP/ARG1/C7/CXCL10",13
"GO:0141061","disruption of cell in another organism","13/1028","65/14695",0.2,2.85894941634241,4.11938198628597,0.000481441678280841,0.0176464423145871,0.0176464423145871,"LGALS3/NINJ1/CCL19/CCL21/GNLY/CXCL11/KNG1/CXCL3/CXCL9/PPBP/ARG1/C7/CXCL10",13
"GO:0010743","regulation of macrophage derived foam cell differentiation","8/1028","28/14695",0.285714285714286,4.08421345191773,4.48004910842837,0.000490931443719923,0.0178751064739877,0.0178751064739877,"ITGAV/NR1H3/TNF/LPL/ITGB3/CSF1/ADIPOQ/IL1B",8
"GO:0006909","phagocytosis","28/1028","205/14695",0.136585365853659,1.95245325994116,3.76631281762502,0.000501163009317096,0.0181275935870092,0.0181275935870092,"ITGAM/LRP1/CALR/C4B/NOS2/FCGR1A/ITGAV/NR1H3/LIMK1/LDLR/CCL2/TGM2/C4A/GSN/SIRPA/C2/MFGE8/MARCO/DNASE2/C3/ITGA2/PRKACA/VAV2/ITGB3/CD14/MYH9/MASP2/ADIPOQ",28
"GO:0042098","T cell proliferation","22/1028","146/14695",0.150684931506849,2.15400298491552,3.84323345279067,0.000510765801112025,0.0183541854543393,0.0183541854543393,"VCAM1/LGALS3/CD28/CCL19/LILRB4/TFRC/CD40LG/TNFSF8/GLMN/BTLA/HLA-E/MSN/DLG5/GPNMB/SDC4/ARG1/HLA-A/HLA-DRB1/PLA2G2D/IRF1/HLA-DPB1/IL1B",22
"GO:0046718","symbiont entry into host cell","19/1028","118/14695",0.161016949152542,2.30169656400448,3.89355813093919,0.000522770550600736,0.0186635875792393,0.0186635875792393,"LRP1/ICAM1/TFRC/CXCR4/CTSB/CTSL/ITGB7/ITGAV/CAV1/CAV2/BSG/LDLR/HSPA1A/NECTIN2/ITGA2/ITGB3/TRIM21/MYH9/CLEC4M",19
"GO:0002688","regulation of leukocyte chemotaxis","18/1028","109/14695",0.165137614678899,2.36060043551208,3.91026083298164,0.000532126313012039,0.0187540414675653,0.0187540414675653,"CCR6/NINJ1/CCL19/CALR/CCL21/CMKLR1/CSF1R/APP/VEGFC/CCL2/DNM1L/C5AR1/LGMN/PTN/PLA2G7/RARRES2/CSF1/CXCL10",18
"GO:0097530","granulocyte migration","18/1028","109/14695",0.165137614678899,2.36060043551208,3.91026083298164,0.000532126313012039,0.0187540414675653,0.0187540414675653,"LGALS3/EMP2/CCL19/CCL21/CMKLR1/BSG/CSF1R/SAA1/CCL2/CXCL3/CXCL9/DNM1L/C5AR1/PPBP/RARRES2/PPIB/CSF1/CXCL10",18
"GO:0019915","lipid storage","13/1028","66/14695",0.196969696969697,2.81563200094328,4.05436136169812,0.000561798355537627,0.0195959669632454,0.0195959669632454,"ITGAV/CIDEC/CAV1/NR1H3/EHD1/TNF/LPL/PLA2G4C/APOE/DGAT2/CES1/C3/ITGB3",13
"GO:0090066","regulation of anatomical structure size","43/1028","366/14695",0.117486338797814,1.67943749867109,3.61004064391574,0.00056314346675023,0.0195959669632454,0.0195959669632454,"NCKAP1/EFNA5/ADCY6/FBN1/CAPG/CTTN/SOD2/CDKL3/CCL21/GPRC5B/KCNMB4/ARHGAP28/MAP1B/RDX/CAV1/VIM/MMP2/CFL1/LIMK1/TNF/ESAM/KCNMA1/MSN/CYFIP1/KNG1/ECE1/L1CAM/APOE/CD38/SEMA3A/GSN/PLEK/OLFM1/SEMA7A/JUP/AQP1/KEL/HCLS1/RASA1/VAV2/ACE/HTR2B/SVIL",43
"GO:0043903","regulation of biological process involved in symbiotic interaction","8/1028","29/14695",0.275862068965517,3.94337850529988,4.35130224221353,0.000636813713525858,0.0220201370878312,0.0220201370878312,"ITGAV/CAV1/BSG/BST2/FMR1/ARG1/NECTIN2/TRIM21",8
"GO:0032944","regulation of mononuclear cell proliferation","25/1028","178/14695",0.140449438202247,2.00768919686967,3.70960905737185,0.000648040238272537,0.0221684021799282,0.0221684021799282,"VCAM1/LGALS3/CD28/CCL19/LILRB4/TFRC/CD40LG/TNFSF8/GLMN/BTLA/HLA-E/DLG5/GPNMB/SDC4/FCRL3/CD38/ATM/ARG1/HLA-A/HLA-DRB1/PLA2G2D/IRF1/CSF1/HLA-DPB1/IL1B",25
"GO:0035094","response to nicotine","9/1028","36/14695",0.25,3.57368677042802,4.24018442032241,0.000651209909679242,0.0221684021799282,0.0221684021799282,"VCAM1/CHRNA1/PPP1R9B/MMP2/TNF/MT-ND4/GABBR1/FOSB/HMOX1",9
"GO:0170062","nutrient storage","13/1028","67/14695",0.194029850746269,2.77360764272025,3.99054722708688,0.000653197736112836,0.0221684021799282,0.0221684021799282,"ITGAV/CIDEC/CAV1/NR1H3/EHD1/TNF/LPL/PLA2G4C/APOE/DGAT2/CES1/C3/ITGB3",13
"GO:0002703","regulation of leukocyte mediated immunity","27/1028","199/14695",0.135678391959799,1.93948829751872,3.65951726738071,0.000694829494059028,0.0234366414621873,0.0234366414621873,"ITGAM/ICAM1/LILRB4/KLRD1/IL1R1/TFRC/KLRC4/NOS2/BTLA/YWHAG/KLRB1/HLA-E/BST2/ULBP2/KLRC3/STXBP1/ARG1/CD226/STX4/NECTIN2/HLA-A/HLA-DRB1/KLRC1/HLA-B/NCR1/KLRC2/IL1B",27
"GO:0035909","aorta morphogenesis","7/1028","23/14695",0.304347826086957,4.35057519878193,4.41030481253426,0.000728368053286355,0.0244180948595633,0.0244180948595633,"LRP1/ENG/JAG1/PDGFRB/COL3A1/ACVRL1/ADAMTS9",7
"GO:0001913","T cell mediated cytotoxicity","10/1028","44/14695",0.227272727272727,3.24880615493456,4.09708244415268,0.000746762617944785,0.0248830355967299,0.0248830355967299,"EMP2/CTSC/KLRD1/HLA-E/ULBP2/NECTIN2/HLA-A/HLA-DRB1/KLRC1/HLA-B",10
"GO:0046209","nitric oxide metabolic process","13/1028","68/14695",0.191176470588235,2.73281929503319,3.92789688996391,0.00075681312433544,0.0250660154072063,0.0250660154072063,"NOS2/CAV1/TNF/APP/APOE/CLU/GLA/SIRPA/PTGS2/OPRM1/NFATC3/PTGIS/IL1B",13
"GO:0034329","cell junction assembly","49/1028","439/14695",0.111617312072893,1.59554124602253,3.47436338806341,0.000773443445290839,0.0254634255222098,0.0254634255222098,"RAB13/PCDH17/EFNA5/KDR/LAMC1/CTTN/GPM6B/ITGB4/RHOC/MAP1B/RELN/FGFR1/PLXND1/KIRREL3/CAV1/PPP1R9B/OGT/FERMT2/CFL1/TNF/PLXNA1/APP/ESAM/ACVRL1/DLG5/THY1/LGI2/MYO1C/EPB41L3/SDC4/TEK/TJP1/MMP14/MPDZ/JUP/TRIM47/ITGA2/PRKACA/CDH5/ACE/GJA1/TLN1/MICALL2/CTNNA1/APLNR/ACTN1/LRRC15/FN1/IL1B",49
"GO:0002002","regulation of angiotensin levels in blood","5/1028","12/14695",0.416666666666667,5.95614461738003,4.710393313681,0.000867232401765044,0.0278832967538258,0.0278832967538258,"ENPEP/CTSZ/PRCP/ACE/CPA3",5
"GO:0002003","angiotensin maturation","5/1028","12/14695",0.416666666666667,5.95614461738003,4.710393313681,0.000867232401765044,0.0278832967538258,0.0278832967538258,"ENPEP/CTSZ/PRCP/ACE/CPA3",5
"GO:0045019","negative regulation of nitric oxide biosynthetic process","5/1028","12/14695",0.416666666666667,5.95614461738003,4.710393313681,0.000867232401765044,0.0278832967538258,0.0278832967538258,"CAV1/GLA/SIRPA/OPRM1/PTGIS",5
"GO:0046348","amino sugar catabolic process","5/1028","12/14695",0.416666666666667,5.95614461738003,4.710393313681,0.000867232401765044,0.0278832967538258,0.0278832967538258,"NPL/GNPDA2/ALDH1A1/NAGK/OVGP1",5
"GO:0141060","disruption of anatomical structure in another organism","13/1028","69/14695",0.188405797101449,2.69321321829358,3.86636979107436,0.000873900972132875,0.0279343461906195,0.0279343461906195,"LGALS3/NINJ1/CCL19/CCL21/GNLY/CXCL11/KNG1/CXCL3/CXCL9/PPBP/ARG1/C7/CXCL10",13
"GO:0044409","symbiont entry into host","19/1028","123/14695",0.154471544715447,2.20813166302869,3.69009221178574,0.000881999824612004,0.0280302603220624,0.0280302603220624,"LRP1/ICAM1/TFRC/CXCR4/CTSB/CTSL/ITGB7/ITGAV/CAV1/CAV2/BSG/LDLR/HSPA1A/NECTIN2/ITGA2/ITGB3/TRIM21/MYH9/CLEC4M",19
"GO:0050805","negative regulation of synaptic transmission","10/1028","45/14695",0.222222222222222,3.17661046260268,4.01049643698197,0.000900847502745896,0.0284647101729709,0.0284647101729709,"PLK2/SORCS2/APP/FMR1/CD38/STXBP1/GABBR1/HSPG2/ADIPOQ/IL1B",10
"GO:0070098","chemokine-mediated signaling pathway","14/1028","78/14695",0.17948717948718,2.56572383517909,3.80244830696394,0.00092873467920394,0.0290920726485276,0.0290920726485276,"CCR6/CCL19/CXCR4/CCL21/CMKLR1/CCL23/CCL2/CXCL11/RBM15/CXCL9/CCL14/ACKR1/CXCL10/STAT5A",14
"GO:0001954","positive regulation of cell-matrix adhesion","11/1028","53/14695",0.207547169811321,2.96683429997797,3.9340102292362,0.000931284973834278,0.0290920726485276,0.0290920726485276,"EMP2/KDR/CCL21/FERMT2/CFL1/THY1/SDC4/TEK/LEF1/JUP/CSF1",11
"GO:0007409","axonogenesis","38/1028","320/14695",0.11875,1.69750121595331,3.45976028782262,0.000941805665922128,0.0292545059392082,0.0292545059392082,"NELL2/EFNA5/EFNB1/ENAH/CTTN/SEMA3D/CDKL3/ROBO4/TUBB2B/MAP1B/RELN/PLXND1/BSG/VIM/CSF1R/LIMK1/APP/CYFIP1/THY1/NRP2/ECE1/L1CAM/NOTCH3/APOE/SEMA3A/ZDHHC17/ANOS1/STXBP1/MYOT/NOVA2/CNTN1/OLFM1/SEMA7A/JUP/S100A6/APLP2/ARHGEF25/TENM3",38
"GO:0032355","response to estradiol","15/1028","87/14695",0.172413793103448,2.46461156581242,3.75765309269607,0.000955373831703443,0.029509243408458,0.029509243408458,"ITGAM/ARPC1B/GSTP1/CALR/GPX4/MAP1B/COL1A1/PPP1R9B/MMP2/MMP15/MBD4/CD38/STXBP1/ITGA2/TXNIP",15
"GO:0001974","blood vessel remodeling","7/1028","24/14695",0.291666666666667,4.16930123216602,4.26156640038249,0.00096680121336331,0.0295304059503971,0.0295304059503971,"FLT4/ACVRL1/TMBIM1/EPAS1/BGN/RSPO3/ACE",7
"GO:0045776","negative regulation of blood pressure","7/1028","24/14695",0.291666666666667,4.16930123216602,4.26156640038249,0.00096680121336331,0.0295304059503971,0.0295304059503971,"SOD2/TAC4/NOS2/TNF/VEGFC/PRCP/ADIPOQ",7
"GO:0051701","biological process involved in interaction with host","22/1028","153/14695",0.143790849673203,2.05545382874291,3.59917416509957,0.000972659123968984,0.0295451926164722,0.0295451926164722,"LRP1/ICAM1/TFRC/CXCR4/CTSB/CTSL/ITGB7/ITGAV/CAV1/CAV2/BSG/LDLR/HSPA1A/NECTIN2/ITGA2/ITGB3/TRIM21/CHMP2A/CHMP4B/MYH9/LRRC15/CLEC4M",22
"GO:0071715","icosanoid transport","9/1028","38/14695",0.236842105263158,3.38559799303707,4.03828060358497,0.000993738533289323,0.0300196398682676,0.0300196398682676,"DRD4/TNFSF11/NOS2/SLCO2A1/ABCC2/ABCC3/PLA2G2D/ACE/IL1B",9
"GO:0035924","cellular response to vascular endothelial growth factor stimulus","13/1028","70/14695",0.185714285714286,2.65473874374653,3.80592736820906,0.00100580271170455,0.030218050868588,0.030218050868588,"VCAM1/EMILIN1/KDR/HSPB1/FLT3/FLT4/PDGFRB/VEGFC/MYO1C/NRP2/JCAD/CD63/ITGB3",13
"GO:0110076","negative regulation of ferroptosis","6/1028","18/14695",0.333333333333333,4.76491569390402,4.38331658791806,0.00103192608435927,0.0303679884208158,0.0303679884208158,"SC5D/GSTP1/GPX4/SQSTM1/ALDH7A1/HMOX1",6
"GO:0002717","positive regulation of natural killer cell mediated immunity","8/1028","31/14695",0.258064516129032,3.68896698882892,4.11026733306796,0.00103288720165379,0.0303679884208158,0.0303679884208158,"KLRD1/KLRC4/HLA-E/KLRC3/CD226/NECTIN2/KLRC1/KLRC2",8
"GO:0031342","negative regulation of cell killing","8/1028","31/14695",0.258064516129032,3.68896698882892,4.11026733306796,0.00103288720165379,0.0303679884208158,0.0303679884208158,"KLRD1/CD59/HLA-E/CLU/NECTIN2/HLA-A/KLRC1/HLA-B",8
"GO:0097028","dendritic cell differentiation","8/1028","31/14695",0.258064516129032,3.68896698882892,4.11026733306796,0.00103288720165379,0.0303679884208158,0.0303679884208158,"CCL19/FLT3/CAMK4/BATF2/HLA-B/UBD/TMEM176B/TMEM176A",8
"GO:0098869","cellular oxidant detoxification","14/1028","79/14695",0.177215189873418,2.53324631827809,3.74749607671741,0.00105757978523066,0.0309285832936074,0.0309285832936074,"CLIC1/IPCEF1/GSTP1/SOD2/GPX2/GPX4/PRDX5/SRXN1/APOE/PXDN/PTGS2/ALB/FBLN5/PRDX1",14
"GO:0070527","platelet aggregation","12/1028","62/14695",0.193548387096774,2.76672524162169,3.82320997200836,0.00106620201790895,0.0310157602881663,0.0310157602881663,"CLIC1/MYL9/HSPB1/PDPN/CSRP1/MMRN1/STXBP1/PLEK/ITGB3/TLN1/FLNA/MYH9",12
"GO:0046651","lymphocyte proliferation","27/1028","205/14695",0.131707317073171,1.88272278637183,3.49057563719955,0.00109666643387304,0.0317340634391261,0.0317340634391261,"VCAM1/LGALS3/EMP2/CD28/CCL19/LILRB4/TFRC/CD40LG/TNFSF8/GLMN/BTLA/FLT3/HLA-E/MSN/DLG5/GPNMB/SDC4/FCRL3/CD38/ATM/ARG1/HLA-A/HLA-DRB1/PLA2G2D/IRF1/HLA-DPB1/IL1B",27
"GO:0008360","regulation of cell shape","18/1028","116/14695",0.155172413793103,2.21815040923118,3.61240155001141,0.00112954141943931,0.032514234157473,0.032514234157473,"MYO10/KDR/PARVA/PLXND1/RDX/FERMT2/CFL1/CSF1R/FMNL2/MSN/CCL2/CYFIP1/PDPN/EPB41L3/FGD5/RASA1/MYH9/FN1",18
"GO:0001523","retinoid metabolic process","13/1028","71/14695",0.183098591549296,2.61734805721488,3.74653293053263,0.00115394628646427,0.0330437327238569,0.0330437327238569,"LRP1/LPL/LDLR/APOE/ADH1C/ALDH1A1/DGAT2/CYP2D6/RARRES2/RBP1/CES1/CYP3A4/CYP26B1",13
"GO:1990748","cellular detoxification","17/1028","107/14695",0.158878504672897,2.27112804101967,3.61920587922512,0.00117366155965018,0.0334341515800864,0.0334341515800864,"CLIC1/IPCEF1/GSTP1/SOD2/GPX2/GPX4/PRDX5/SRXN1/APOE/PXDN/ALDH1A1/PTGS2/CLYBL/PNKD/ALB/FBLN5/PRDX1",17
"GO:1902652","secondary alcohol metabolic process","19/1028","126/14695",0.150793650793651,2.15555709962325,3.57266083387187,0.00118604321575969,0.0336127092796227,0.0336127092796227,"NFE2L1/SC5D/CUBN/NPC2/LDLR/APOE/IDH2/CYP2R1/DGAT2/CYP27A1/CYP2D6/CES1/CYP3A4/PRKACA/FDFT1/HDLBP/IDI1/APOL1/SEC14L2",19
"GO:0007566","embryo implantation","9/1028","39/14695",0.230769230769231,3.2987877880874,3.94233417289569,0.00121286485763323,0.0341965691654744,0.0341965691654744,"EMP2/IGFBP7/CALR/BSG/MMP2/ITGB3/GJA1/TIMP1/IL1B",9
"GO:0097237","cellular response to toxic substance","18/1028","117/14695",0.153846153846154,2.19919185872493,3.57159829721692,0.00124970206450586,0.0350425870515603,0.0350425870515603,"CLIC1/IPCEF1/GSTP1/SOD2/GPX2/GPX4/TNF/PRDX5/SRXN1/APOE/PXDN/ALDH1A1/PTGS2/CLYBL/PNKD/ALB/FBLN5/PRDX1",18
"GO:0019058","viral life cycle","32/1028","260/14695",0.123076923076923,1.75935348697995,3.38806902282534,0.00128260468685845,0.0350425870515603,0.0350425870515603,"LRP1/ICAM1/CD28/TFRC/CXCR4/CTSB/CTSL/ITGB7/ITGAV/CAV1/CAV2/BSG/TNF/LDLR/BST2/CCL2/IFITM3/HSPA1A/FMR1/APOE/NECTIN2/IL32/TNIP1/ITGA2/ITGB3/ZNFX1/TRIM21/CHMP2A/CHMP4B/MYH9/LRRC15/CLEC4M",32
"GO:0043297","apical junction assembly","11/1028","55/14695",0.2,2.85894941634241,3.78798592523933,0.00128598083184014,0.0350425870515603,0.0350425870515603,"RAB13/RHOC/TNF/ESAM/ACVRL1/MYO1C/TJP1/PRKACA/CDH5/MICALL2/CTNNA1",11
"GO:0002011","morphogenesis of an epithelial sheet","10/1028","47/14695",0.212765957446809,3.04143554930044,3.84437207952562,0.00128740250748327,0.0350425870515603,0.0350425870515603,"COL5A1/RHOC/ITGAV/FERMT2/ACVRL1/PDPN/CD151/ITGB3/FLNA/ARHGAP24",10
"GO:0061900","glial cell activation","10/1028","47/14695",0.212765957446809,3.04143554930044,3.84437207952562,0.00128740250748327,0.0350425870515603,0.0350425870515603,"ITGAM/LRP1/GRN/IL1R1/TNF/APP/LDLR/CLU/C5AR1/IL1B",10
"GO:0010742","macrophage derived foam cell differentiation","8/1028","32/14695",0.25,3.57368677042802,3.99713889718855,0.00129386052591247,0.0350425870515603,0.0350425870515603,"ITGAV/NR1H3/TNF/LPL/ITGB3/CSF1/ADIPOQ/IL1B",8
"GO:0032373","positive regulation of sterol transport","8/1028","32/14695",0.25,3.57368677042802,3.99713889718855,0.00129386052591247,0.0350425870515603,0.0350425870515603,"LRP1/CAV1/NR1H3/LIPG/APOE/CES1/ANXA2/ADIPOQ",8
"GO:0032376","positive regulation of cholesterol transport","8/1028","32/14695",0.25,3.57368677042802,3.99713889718855,0.00129386052591247,0.0350425870515603,0.0350425870515603,"LRP1/CAV1/NR1H3/LIPG/APOE/CES1/ANXA2/ADIPOQ",8
"GO:0007159","leukocyte cell-cell adhesion","41/1028","359/14695",0.114206128133705,1.63254771685291,3.32779449146866,0.00130234361666148,0.0350994372764941,0.0350994372764941,"VCAM1/ITGAM/LGALS3/ICAM1/CD28/CCL19/LILRB4/TFRC/CD40LG/HLA-DRB5/HLA-DOA/CCL21/TNFSF11/GLMN/BTLA/ITGB7/CAV1/YWHAG/TNF/HLA-E/GLI3/MSN/DLG5/CCL2/THY1/GPNMB/CERCAM/SDC4/ARG1/LEF1/SIRPA/HLA-A/HLA-DRB1/TNIP1/PLA2G2D/IRF1/SELL/HLA-DPB1/CLEC4M/STAT5A/IL1B",41
"GO:0007193","adenylate cyclase-inhibiting G protein-coupled receptor signaling pathway","13/1028","72/14695",0.180555555555556,2.58099600086468,3.68815154247942,0.00131984735868854,0.0353976623320468,0.0353976623320468,"ADCY6/DRD4/CXCR4/APP/C5AR1/OPRM1/MARCO/GABBR1/PRKACA/ITGB3/FLNA/APLNR/PSAP",13
"GO:1903028","positive regulation of opsonization","5/1028","13/14695",0.384615384615385,5.49797964681233,4.44965695123233,0.00132848280895976,0.0354563033187417,0.0354563033187417,"C4B/C4A/C2/C3/MASP2",5
"GO:0050670","regulation of lymphocyte proliferation","24/1028","177/14695",0.135593220338983,1.93827079074062,3.4442241816111,0.00135405018851866,0.0359639605765235,0.0359639605765235,"VCAM1/LGALS3/CD28/CCL19/LILRB4/TFRC/CD40LG/TNFSF8/GLMN/BTLA/HLA-E/DLG5/GPNMB/SDC4/FCRL3/CD38/ATM/ARG1/HLA-A/HLA-DRB1/PLA2G2D/IRF1/HLA-DPB1/IL1B",24
"GO:0048041","focal adhesion assembly","14/1028","81/14695",0.17283950617284,2.47069702646875,3.6400818579748,0.00136058635866076,0.0359639605765235,0.0359639605765235,"EFNA5/KDR/CTTN/GPM6B/FERMT2/CFL1/ACVRL1/THY1/SDC4/TEK/MMP14/ITGA2/TLN1/ACTN1",14
"GO:0002396","MHC protein complex assembly","6/1028","19/14695",0.31578947368421,4.51413065738276,4.20359465923814,0.00141971521183893,0.0368188407296719,0.0368188407296719,"HLA-DRB5/HLA-DOA/CALR/HLA-A/HLA-DRB1/HLA-DPB1",6
"GO:0002501","peptide antigen assembly with MHC protein complex","6/1028","19/14695",0.31578947368421,4.51413065738276,4.20359465923814,0.00141971521183893,0.0368188407296719,0.0368188407296719,"HLA-DRB5/HLA-DOA/CALR/HLA-A/HLA-DRB1/HLA-DPB1",6
"GO:0010759","positive regulation of macrophage chemotaxis","6/1028","19/14695",0.31578947368421,4.51413065738276,4.20359465923814,0.00141971521183893,0.0368188407296719,0.0368188407296719,"CMKLR1/CSF1R/CCL2/C5AR1/RARRES2/CSF1",6
"GO:0042359","vitamin D metabolic process","6/1028","19/14695",0.31578947368421,4.51413065738276,4.20359465923814,0.00141971521183893,0.0368188407296719,0.0368188407296719,"CUBN/TNF/CYP2R1/CYP27A1/LGMN/CYP3A4",6
"GO:0002694","regulation of leukocyte activation","51/1028","476/14695",0.107142857142857,1.53158004446915,3.23346077031587,0.00151440122282923,0.0390900371977234,0.0390900371977234,"VCAM1/LGALS3/GRN/CD28/CCL19/LILRB4/KLRD1/TFRC/CD40LG/HLA-DRB5/HLA-DOA/CCL21/TNFSF8/TNFSF11/GLMN/BTLA/CAV1/YWHAG/NR1H3/TNF/LDLR/HLA-E/GLI3/JUNB/DLG5/CCL2/THY1/GPNMB/CLPTM1/SDC4/FCRL3/CD38/ATM/CAMK4/KLRC3/ARG1/CD226/MMP14/LEF1/SIRPA/NECTIN2/HLA-A/HLA-DRB1/PLA2G2D/IRF1/KLRC1/KLRC2/HLA-DPB1/FN1/STAT5A/IL1B",51
"GO:0006968","cellular defense response","10/1028","48/14695",0.208333333333333,2.97807230869001,3.76459636904731,0.00152601854858653,0.0392058410286389,0.0392058410286389,"CCR6/LGALS3BP/GNLY/ITK/TRAT1/CXCL9/KLRC3/C5AR1/NCR1/KLRC2",10
"GO:0016486","peptide hormone processing","8/1028","33/14695",0.242424242424242,3.4653932319302,3.88845018557618,0.00160466920083998,0.0410347500754336,0.0410347500754336,"CTSL/ENPEP/CTSZ/ECE1/PLA2G7/PRCP/ACE/CPA3",8
"GO:1905523","positive regulation of macrophage migration","7/1028","26/14695",0.269230769230769,3.84858575276863,3.98699504018836,0.00162469347457905,0.0413544663112761,0.0413544663112761,"CMKLR1/CSF1R/CCL2/C5AR1/MMP14/RARRES2/CSF1",7
"GO:0002708","positive regulation of lymphocyte mediated immunity","16/1028","101/14695",0.158415841584158,2.26451438918211,3.49725475593845,0.00166894455726997,0.0422850561100013,0.0422850561100013,"KLRD1/IL1R1/TFRC/KLRC4/YWHAG/HLA-E/ULBP2/KLRC3/CD226/NECTIN2/HLA-A/HLA-DRB1/KLRC1/HLA-B/KLRC2/IL1B",16
"GO:0016101","diterpenoid metabolic process","13/1028","74/14695",0.175675675675676,2.51123935219266,3.57429631295827,0.0017114280651065,0.0428653805378382,0.0428653805378382,"LRP1/LPL/LDLR/APOE/ADH1C/ALDH1A1/DGAT2/CYP2D6/RARRES2/RBP1/CES1/CYP3A4/CYP26B1",13
"GO:0032526","response to retinoic acid","13/1028","74/14695",0.175675675675676,2.51123935219266,3.57429631295827,0.0017114280651065,0.0428653805378382,0.0428653805378382,"MYB/TFRC/IGFBP7/TESC/COL1A1/MMP2/NDUFA13/TNF/TIE1/CD38/ATM/AQP1/CYP26B1",13
"GO:0006721","terpenoid metabolic process","15/1028","92/14695",0.16304347826087,2.33066528506175,3.51133023362368,0.00171523894476617,0.0428653805378382,0.0428653805378382,"LRP1/LPL/LDLR/APOE/ADH1C/ALDH1A1/DGAT2/CYP2D6/RARRES2/RBP1/CES1/CYP3A4/CYP26B1/FDFT1/IDI1",15
"GO:0030100","regulation of endocytosis","32/1028","265/14695",0.120754716981132,1.726158138169,3.27153038481652,0.00175264342326363,0.0433878890984925,0.0433878890984925,"LRP1/LGALS3/DRD4/CCL19/CALR/CCL21/C4B/FCGR1A/ITGAV/CAV1/EHD4/NR1H3/APP/CCL2/FMR1/APOE/TGM2/C4A/CLU/CD63/SIRPA/C2/C3/ITGA2/PRKACA/CD151/ITGB3/ANXA2/CD14/APLNR/MASP2/ADIPOQ",32
"GO:0001774","microglial cell activation","9/1028","41/14695",0.219512195121951,3.13787131061972,3.75945916485101,0.00176771319717394,0.0433878890984925,0.0433878890984925,"ITGAM/GRN/IL1R1/TNF/APP/LDLR/CLU/C5AR1/IL1B",9
"GO:0001937","negative regulation of endothelial cell proliferation","9/1028","41/14695",0.219512195121951,3.13787131061972,3.75945916485101,0.00176771319717394,0.0433878890984925,0.0433878890984925,"SPARC/ENG/CAV1/CAV2/TNF/ACVRL1/CCL2/APOE/COL4A3",9
"GO:0002269","leukocyte activation involved in inflammatory response","9/1028","41/14695",0.219512195121951,3.13787131061972,3.75945916485101,0.00176771319717394,0.0433878890984925,0.0433878890984925,"ITGAM/GRN/IL1R1/TNF/APP/LDLR/CLU/C5AR1/IL1B",9
"GO:0030855","epithelial cell differentiation","44/1028","399/14695",0.110275689223058,1.57636308670509,3.20114476413508,0.00178074941513103,0.0435136012639573,0.0435136012639573,"RAB13/NFE2L1/LGALS3/EFNA5/FBN1/TPP1/ICAM1/KDR/PAX8/ANXA4/CTSB/ROBO4/MAP1B/JAG1/EDF1/RDX/CAV1/TNF/TIE1/ENAM/ACVRL1/FSTL1/MSN/PDPN/CNN3/KRT72/CD63/TJP1/LEF1/ASAH1/CD34/KRT73/ANXA7/MMP9/CES1/ITGA2/TXNIP/CDH5/FLNA/PODXL/MAGI1/COL4A1/PSAP/IL1B",44
"GO:0010810","regulation of cell-substrate adhesion","24/1028","181/14695",0.132596685082873,1.89543607713309,3.32437719231371,0.00184137820539023,0.0446938249258618,0.0446938249258618,"EMP2/EFNA5/KDR/GPM6B/CALR/CCL21/JAG1/FERMT2/CFL1/ACVRL1/THY1/PDPN/SDC4/TEK/PLAU/MMP14/LEF1/ACTN4/JUP/RASA1/TLN1/FLNA/CSF1/FN1",24
"GO:0006720","isoprenoid metabolic process","16/1028","102/14695",0.156862745098039,2.24231326771954,3.45293891925042,0.00185397970026497,0.0446938249258618,0.0446938249258618,"LRP1/NPC2/LPL/LDLR/APOE/ADH1C/ALDH1A1/DGAT2/CYP2D6/RARRES2/RBP1/CES1/CYP3A4/CYP26B1/FDFT1/IDI1",16
"GO:0072657","protein localization to membrane","44/1028","400/14695",0.11,1.57242217898833,3.18334967430096,0.00186976803679844,0.0446938249258618,0.0446938249258618,"RAB13/LRP1/LGALS3/EMP2/CPE/BBIP1/LAMC1/TESC/ITGB7/RELN/CACNB2/RDX/CAV1/PPP1R9B/BSG/OGT/FERMT2/OPTN/EHD4/EHD1/TNF/THY1/ITGA3/EPB41L3/APOE/EHD2/WDR19/TMBIM1/TSPAN15/GSN/KRT18/STXBP1/PTN/MMP14/STX4/SQSTM1/KCNIP4/OLFM1/JUP/PEX5/ALDH7A1/FLNA/PIGW/LRRC15",44
"GO:0002683","negative regulation of immune system process","48/1028","446/14695",0.10762331838565,1.53844811641744,3.16700738482137,0.00187578766772787,0.0446938249258618,0.0446938249258618,"LGALS3/GRN/EMILIN1/FBN1/LILRB4/KLRD1/HLA-DOA/CCL21/PLK2/GLMN/BTLA/CD59/OGT/NR1H3/TNF/CD68/LDLR/HLA-E/COL3A1/BST2/GLI3/DLG5/CCL2/THY1/GPNMB/SDC4/FCRL3/ATM/CLU/NLRP4/ARG1/PVRIG/NECTIN2/HLA-A/SQSTM1/HLA-DRB1/PLA2G2D/IRF1/KLRC1/GCSAM/HLA-B/TRIM21/HMOX1/TMEM176B/ADIPOQ/FN1/STAT5A/TMEM176A",48
"GO:0030593","neutrophil chemotaxis","12/1028","66/14695",0.181818181818182,2.59904492394765,3.57071584544921,0.0018778234917923,0.0446938249258618,0.0446938249258618,"LGALS3/CCL19/CCL21/BSG/SAA1/CXCL3/CXCL9/DNM1L/C5AR1/PPBP/PPIB/CXCL10",12
"GO:0032370","positive regulation of lipid transport","12/1028","66/14695",0.181818181818182,2.59904492394765,3.57071584544921,0.0018778234917923,0.0446938249258618,0.0446938249258618,"LRP1/MYB/ATP8A1/TNFSF11/CAV1/NR1H3/LIPG/APOE/CES1/ANXA2/ADIPOQ/IL1B",12
"GO:0016485","protein processing","25/1028","192/14695",0.130208333333333,1.86129519293126,3.29460757079376,0.00193133708838125,0.045769359103104,0.045769359103104,"CPE/GGT1/CTSL/OGT/ENPEP/CTSZ/ECE1/PLAU/GSN/C1R/LGMN/MMP14/PLA2G7/C1S/KEL/PLAUR/PRCP/THBD/ACE/CPA3/ANXA2/C1RL/CFI/MYH9/MASP2",25
"GO:0006641","triglyceride metabolic process","13/1028","75/14695",0.173333333333333,2.47775616083009,3.51876044929713,0.00194058357795198,0.0457911094917595,0.0457911094917595,"CIDEC/CAV1/NR1H3/LPL/LDLR/PLIN1/LIPG/APOE/MOGAT1/DGAT2/FABP4/C3/PRKACA",13
"GO:0090077","foam cell differentiation","8/1028","34/14695",0.235294117647059,3.36346990157931,3.78388314148884,0.00197171355970309,0.0463268425266991,0.0463268425266991,"ITGAV/NR1H3/TNF/LPL/ITGB3/CSF1/ADIPOQ/IL1B",8
"GO:0007187","G protein-coupled receptor signaling pathway, coupled to cyclic nucleotide second messenger","7/1028","27/14695",0.259259259259259,3.70604553970313,3.85977074716728,0.00206266644708207,0.0482576175576902,0.0482576175576902,"DRD4/CNR1/MC1R/CCL2/CALCRL/OPRM1/HTR2B",7
"GO:0072577","endothelial cell apoptotic process","10/1028","50/14695",0.2,2.85894941634241,3.61108627370027,0.00211077590748212,0.0489664385626021,0.0489664385626021,"ICAM1/KDR/CD40LG/TNF/CCL2/TEK/COL4A3/ECSCR/CDH5/ITGB3",10
"GO:1904645","response to amyloid-beta","10/1028","50/14695",0.2,2.85894941634241,3.61108627370027,0.00211077590748212,0.0489664385626021,0.0489664385626021,"VCAM1/LRP1/ATP1A3/ICAM1/MMP2/TNF/APP/LGMN/MMP9/GJA1",10
"GO:0002456","T cell mediated immunity","17/1028","113/14695",0.150442477876106,2.150537171585,3.36714103193929,0.00215649434247661,0.0498168314913295,0.0498168314913295,"EMP2/CTSC/LILRB4/KLRD1/IL1R1/BTLA/JAG1/YWHAG/HLA-E/ULBP2/ARG1/NECTIN2/HLA-A/HLA-DRB1/KLRC1/HLA-B/IL1B",17
