"category","subcategory","ID","Description","GeneRatio","BgRatio","RichFactor","FoldEnrichment","zScore","pvalue","p.adjust","qvalue","geneID","Count"
"Environmental Information Processing","Signaling molecules and interaction","hsa04518","Integrin signaling","42/585","148/7091",0.283783783783784,3.43984753984754,8.99422992288501,2.95936175652414e-13,1.0416953382965e-10,1.0416953382965e-10,"7412/3684/2200/3383/3791/3914/55742/3915/3691/3918/1297/3695/1277/3685/5649/3371/1299/10979/1291/1292/2324/5159/3913/7424/7450/3675/3674/1284/1285/81/3910/894/718/3673/1278/1293/3690/7094/2316/87/1282/2335",42
"Environmental Information Processing","Signaling molecules and interaction","hsa04512","ECM-receptor interaction","30/585","84/7091",0.357142857142857,4.32905982905983,9.20320732526531,1.16811685943981e-12,2.05588567261407e-10,2.05588567261407e-10,"3914/3915/3691/3918/1297/3695/1277/3685/5649/3371/1299/1291/1292/3913/7450/3675/6385/3674/1284/2811/1285/3910/9899/3673/3339/1278/1293/3690/1282/2335",30
"Genetic Information Processing","Translation","hsa00970","Aminoacyl-tRNA biosynthesis","21/585","45/7091",0.466666666666667,5.65663817663818,9.39618270667651,7.11552851566042e-12,8.34888679170823e-10,8.34888679170823e-10,"4576/4577/4574/4579/4555/51067/4564/4575/4565/4558/4556/4568/4569/4567/4573/4571/4563/4570/55278/4572/4511",21
"Cellular Processes","Cell motility","hsa04820","Cytoskeleton in muscle cells","46/585","213/7091",0.215962441314554,2.61776012198547,7.18814555893775,6.70272821650747e-10,5.89840083052657e-08,5.89840083052657e-08,"2318/478/2200/1289/10398/3691/9172/1297/3695/4629/1277/3685/1299/482/7431/1291/114793/1292/1281/72/3675/6385/9672/4000/3674/1284/9260/1465/9499/1285/2006/633/1824/1290/3728/3673/3339/1278/7171/1293/3690/7094/4811/4627/1282/2335",46
"Human Diseases","Infectious disease: parasitic","hsa05146","Amoebiasis","27/585","92/7091",0.293478260869565,3.55735785953177,7.40306295526569,2.5392987560739e-09,1.78766632427603e-07,1.78766632427603e-07,"3684/3914/3554/5878/3915/3918/3315/4843/5331/1277/7124/1281/3913/2921/1284/383/1285/81/3910/1278/5566/929/87/5052/1282/2335/3553",27
"Cellular Processes","Cellular community - eukaryotes","hsa04510","Focal adhesion","42/585","196/7091",0.214285714285714,2.5974358974359,6.80030452336875,4.90365617625541e-09,2.87681162340318e-07,2.87681162340318e-07,"2013/3791/10398/3914/55742/3915/3691/3918/1297/3695/1277/3685/5649/3371/857/1299/858/1291/1292/2324/5159/3913/7424/7450/3675/3674/1284/1285/81/3910/894/3673/1278/1293/7410/3725/3690/7094/2316/87/1282/2335",42
"Human Diseases","Immune disease","hsa05322","Systemic lupus erythematosus","18/585","49/7091",0.36734693877551,4.45274725274725,7.27208320298889,2.46590965945733e-08,1.24000028589855e-06,1.24000028589855e-06,"940/959/3127/3111/721/2209/7124/720/715/730/81/717/3123/716/718/6737/87/3115",18
"Organismal Systems","Immune system","hsa04612","Antigen processing and presentation","21/585","66/7091",0.318181818181818,3.85679875679876,6.99153398157749,3.19394181176657e-08,1.40533439717729e-06,1.40533439717729e-06,"3824/3127/3111/811/1508/8302/1514/7124/3133/3309/3303/3823/5641/3306/3105/10437/3123/3821/3106/3822/3115",21
"Organismal Systems","Digestive system","hsa04974","Protein digestion and absorption","23/585","87/7091",0.264367816091954,3.20449945967187,6.20355412142788,3.24087844396136e-07,1.26754356919378e-05,1.26754356919378e-05,"478/1289/3769/1297/9056/1277/7373/1299/482/1291/1292/1281/1284/1285/2006/1290/3783/1278/5547/1306/1293/1359/1282",23
"Human Diseases","Infectious disease: bacterial","hsa05150","Staphylococcus aureus infection","18/585","58/7091",0.310344827586207,3.76180371352785,6.33257757208205,4.73326984642412e-07,1.66611098594129e-05,1.66611098594129e-05,"3684/3383/2204/3127/3111/721/2209/720/728/715/3875/717/3123/716/718/3426/10747/3115",18
"Organismal Systems","Immune system","hsa04640","Hematopoietic cell lineage","22/585","85/7091",0.258823529411765,3.13729512317748,5.94405627355567,8.69800378515467e-07,2.78336121124949e-05,2.78336121124949e-05,"3684/3554/7037/3127/3111/2209/966/1436/7124/2322/3675/3674/952/2811/947/3123/3673/3690/929/1435/3115/3553",22
"Organismal Systems","Immune system","hsa04610","Complement and coagulation cascades","19/585","71/7091",0.267605633802817,3.24374623811244,5.69742185579761,2.82887815252303e-06,8.29804258073423e-05,8.29804258073423e-05,"3684/7035/721/966/7450/3827/5328/720/1191/728/715/730/717/716/718/5329/7056/3426/10747",19
"Human Diseases","Immune disease","hsa05332","Graft-versus-host disease","12/585","35/7091",0.342857142857143,4.15589743589744,5.61205137162864,1.26258253930552e-05,0.000341868502950418,0.000341868502950418,"940/3824/3127/3111/7124/3133/3105/3123/3821/3106/3115/3553",12
"Environmental Information Processing","Signaling molecules and interaction","hsa04517","IgSF CAM signaling","43/585","279/7091",0.154121863799283,1.86816775418926,4.43621365440998,3.8680559945931e-05,0.000972539792926266,0.000972539792926266,"55243/3684/10095/3383/5792/3791/10398/940/54538/347733/4637/4629/140465/2260/84623/5962/5361/351/10225/90952/84790/4478/23136/8828/3897/57863/5376/10666/7082/81/5819/1272/10383/7280/8777/2036/5921/7410/3690/9223/87/4627/10332",43
"Environmental Information Processing","Signaling molecules and interaction","hsa04514","Cell adhesion molecule (CAM) interaction","26/585","138/7091",0.188405797101449,2.28373590982287,4.56639146310601,4.88440565606413e-05,0.00114620719395638,0.00114620719395638,"7412/3684/3383/5792/940/959/3127/3111/3695/3685/90952/3133/6385/9672/3897/57863/10666/947/5819/1272/3105/3123/3106/1003/6402/3115",26
"Environmental Information Processing","Signal transduction","hsa04151","PI3K-Akt signaling pathway","45/585","304/7091",0.148026315789474,1.79428137651822,4.24439963146087,7.00344464450772e-05,0.0015407578217917,0.0015407578217917,"1946/4602/10161/3791/3914/3915/3691/3918/1297/3695/1277/3685/5649/2260/3371/1299/7532/1436/1291/2322/1292/2324/5159/3913/7424/7450/3675/3674/1284/7010/3455/1285/23239/3910/894/3673/1278/1293/3690/117145/1435/9223/1282/2335/54541",45
"Human Diseases","Infectious disease: viral","hsa05165","Human papillomavirus infection","43/585","294/7091",0.146258503401361,1.77285307285307,4.05841065411851,0.000134284868224509,0.0027804866832369,0.0027804866832369,"3914/3915/3691/3918/1297/3695/182/1277/3685/5649/3371/1299/1291/7124/10134/1292/3133/5159/3913/7450/3675/3674/1284/4854/472/3455/1285/5743/9114/3105/3910/894/3659/3673/1278/5566/1293/3106/3690/9223/1282/2335/5315",43
"Cellular Processes","Cell motility","hsa04810","Regulation of actin cytoskeleton","32/585","201/7091",0.159203980099502,1.92976995365055,4.00966367723824,0.000207169889212903,0.00400592556550368,0.00400592556550368,"3684/10787/10095/55740/10398/3691/7852/3695/4629/3685/2260/5962/1072/3984/5159/4478/23191/3675/3827/3674/9138/8936/2934/730/81/3673/7410/3690/22808/87/4627/2335",32
"Human Diseases","Endocrine and metabolic disease","hsa04940","Type I diabetes mellitus","11/585","39/7091",0.282051282051282,3.41884724961648,4.54180638335612,0.000216228936774346,0.00400592556550368,0.00400592556550368,"1363/940/3127/3111/7124/3133/3105/3123/3106/3115/3553",11
"Human Diseases","Immune disease","hsa05330","Allograft rejection","10/585","35/7091",0.285714285714286,3.46324786324786,4.3803304227694,0.000372453462061868,0.00655518093228888,0.00655518093228888,"940/959/3127/3111/7124/3133/3105/3123/3106/3115",10
"Human Diseases","Immune disease","hsa05323","Rheumatoid arthritis","17/585","86/7091",0.197674418604651,2.39608427747963,3.90571736954421,0.000546526234055182,0.00916082068511544,0.00916082068511544,"3383/940/3127/3111/8600/1514/1513/7124/6347/2921/7010/9114/3123/3725/1435/3115/3553",17
"Environmental Information Processing","Signaling molecules and interaction","hsa04061","Viral protein interaction with cytokine and cytokine receptor","17/585","87/7091",0.195402298850575,2.36854307888791,3.85113773566102,0.000628505699157256,0.00970106143213437,0.00970106143213437,"1235/6363/9560/7852/6366/11009/6368/1436/7124/6347/6373/2921/4283/5473/6358/1435/3627",17
"Human Diseases","Cancer: overview","hsa05205","Proteoglycans in cancer","29/585","187/7091",0.155080213903743,1.87978426801956,3.65586899607401,0.000633876173122416,0.00970106143213437,0.00970106143213437,"3791/2017/1514/3316/1277/3685/2260/5962/857/858/4313/7124/4478/6385/9138/5328/967/4318/5329/3059/3673/3339/1278/5566/7410/3690/2316/22808/2335",29
"Human Diseases","Cardiovascular disease","hsa05418","Fluid shear stress and atherosclerosis","22/585","129/7091",0.170542635658915,2.06720996488438,3.66793590963013,0.00077941415063019,0.0114314075425761,0.0114314075425761,"7412/3383/3791/3554/2950/1514/3685/857/858/4313/7124/6347/6385/3674/8878/4318/7056/1003/3725/3690/3162/3553",22
"Cellular Processes","Transport and catabolism","hsa04145","Phagocytosis","33/585","228/7091",0.144736842105263,1.75440845704004,3.47185032061166,0.000962880165390937,0.0135573527287044,0.0135573527287044,"3684/5878/2204/3127/3111/811/1508/1514/347733/2209/3685/1513/84790/3133/1509/967/9114/6810/3105/10383/7280/4318/8685/3123/718/3673/3106/3690/213/929/3115/10332/9902",33
"Human Diseases","Endocrine and metabolic disease","hsa04933","AGE-RAGE signaling pathway in diabetic complications","18/585","99/7091",0.181818181818182,2.203885003885,3.61697838448807,0.00107292943226722,0.0145258138522331,0.0145258138522331,"7412/3383/5331/1277/4313/7124/1281/7424/6347/1284/1285/1278/7056/3725/1282/2335/6776/3553",18
"Environmental Information Processing","Signal transduction","hsa04064","NF-kappa B signaling pathway","18/585","102/7091",0.176470588235294,2.13906485671192,3.47444178746078,0.00153153826050556,0.0199667210258502,0.0199667210258502,"7412/3383/6363/3554/9560/959/6366/8600/7124/2921/472/5328/4791/5743/10913/5971/929/3553",18
"Human Diseases","Infectious disease: bacterial","hsa05133","Pertussis","14/585","71/7091",0.197183098591549,2.39012880703022,3.52987789484192,0.00169248571496993,0.0212769632739077,0.0212769632739077,"3684/721/4843/1072/7124/720/715/717/716/718/3659/3725/929/3553",14
"Human Diseases","Immune disease","hsa05320","Autoimmune thyroid disease","9/585","36/7091",0.25,3.03034188034188,3.66197972550232,0.00206508356772267,0.0250658419254614,0.0250658419254614,"940/959/3127/3111/3133/3105/3123/3106/3115",9
"Human Diseases","Cancer: specific types","hsa05222","Small cell lung cancer","16/585","90/7091",0.177777777777778,2.15490978157645,3.30623178475554,0.00253756113998197,0.0297740507091218,0.0297740507091218,"3914/3915/3918/4843/3685/3913/3675/3674/1284/1285/5743/6502/3910/3673/1282/2335",16
"Organismal Systems","Immune system","hsa04670","Leukocyte transendothelial migration","17/585","100/7091",0.17,2.06063247863248,3.20286985550072,0.00308710149959545,0.0350535396083096,0.0350535396083096,"7412/3684/3383/10398/7852/3702/4313/90952/4478/7070/81/4318/7294/7410/1003/1495/87",17
